﻿Time,Level,Robot,Process,Windows Identity,Message,HostMachineName
8/8/2023 9:59:07 AM,Info,SIT-PAYROLL2-attended,23.Process.Group,TISCOGROUP\znithi,23.Process.Group execution started,PC10239
8/8/2023 9:59:17 AM,Info,SIT-PAYROLL2-attended,23.Process.Group,TISCOGROUP\znithi,"23.Process.Group()-Step=> 1.Initial Variables , isDev=> False ,Process Version=>1.0.0.1 , Machine=>PC10239 , TemplateVerions=>2.0.2",PC10239
8/8/2023 9:59:17 AM,Info,SIT-PAYROLL2-attended,23.Process.Group,TISCOGROUP\znithi,"TISCO.Lib.Util : Parameter BU - Get String- AssetName=>23.Process.Group.NotifyMailTo,AssetFolderPath=>Parameter/BU/23_Process ,DevMode=> False , ",PC10239
8/8/2023 9:59:18 AM,Info,SIT-PAYROLL2-attended,23.Process.Group,TISCOGROUP\znithi,"TISCO.Lib.Util : Parameter BU - Get String- AssetName=>23.Process.Group.NotifyMailCC,AssetFolderPath=>Parameter/BU/23_Process ,DevMode=> False , ",PC10239
8/8/2023 9:59:18 AM,Info,SIT-PAYROLL2-attended,23.Process.Group,TISCOGROUP\znithi,"TISCO.Lib.Util : Parameter BU - Get String- AssetName=>23.Process.Group.NotifyMailBCC,AssetFolderPath=>Parameter/BU/23_Process ,DevMode=> False , ",PC10239
8/8/2023 9:59:18 AM,Info,SIT-PAYROLL2-attended,23.Process.Group,TISCOGROUP\znithi,"Email parameternavaratn@tisco.co.th,puttiphon.t@g-able.com___navaratn@tisco.co.th,puttiphon.t@g-able.comnavaratn@tisco.co.th,puttiphon.t@g-able.com",PC10239
8/8/2023 9:59:18 AM,Info,SIT-PAYROLL2-attended,23.Process.Group,TISCOGROUP\znithi,"TISCO.Lib.Util : Parameter RPA - Get String- AssetName=>23.Process.Group.ProcessRobotHosts,AssetFolderPath=>Parameter/RPA/23_Process ,DevMode=> False , ",PC10239
8/8/2023 9:59:18 AM,Info,SIT-PAYROLL2-attended,23.Process.Group,TISCOGROUP\znithi,"TISCO.Lib.Util : Parameter BU - Get Boolean- AssetName=>23.Process.Group.EnableProcessFlag,AssetFolderPath=>Parameter/BU/23_Process ,DevMode=> False , ",PC10239
8/8/2023 9:59:18 AM,Info,SIT-PAYROLL2-attended,23.Process.Group,TISCOGROUP\znithi,"TISCO.Lib.Util : Parameter RPA - Get String- AssetName=>23.Process.Group.Dev2kApp,AssetFolderPath=>Parameter/RPA/23_Process ,DevMode=> False , ",PC10239
8/8/2023 9:59:18 AM,Info,SIT-PAYROLL2-attended,23.Process.Group,TISCOGROUP\znithi,"TISCO.Lib.Util : Parameter RPA - Get String- AssetName=>23.Process.Group.Dev2kData,AssetFolderPath=>Parameter/RPA/23_Process ,DevMode=> False , ",PC10239
8/8/2023 9:59:18 AM,Info,SIT-PAYROLL2-attended,23.Process.Group,TISCOGROUP\znithi,"TISCO.Lib.Util : Parameter RPA - Get String- AssetName=>23.Process.Group.Dev2kDesc,AssetFolderPath=>Parameter/RPA/23_Process ,DevMode=> False , ",PC10239
8/8/2023 9:59:19 AM,Info,SIT-PAYROLL2-attended,23.Process.Group,TISCOGROUP\znithi,"TISCO.Lib.Util : Parameter RPA - Get String- AssetName=>23.Process.Group.Dev2kMenu,AssetFolderPath=>Parameter/RPA/23_Process ,DevMode=> False , ",PC10239
8/8/2023 9:59:19 AM,Info,SIT-PAYROLL2-attended,23.Process.Group,TISCOGROUP\znithi,"TISCO.Lib.Util : Parameter RPA - Get String- AssetName=>23.Process.Group.Dev2kModule,AssetFolderPath=>Parameter/RPA/23_Process ,DevMode=> False , ",PC10239
8/8/2023 9:59:19 AM,Info,SIT-PAYROLL2-attended,23.Process.Group,TISCOGROUP\znithi,"TISCO.Lib.Util : Parameter RPA - Get String- AssetName=>23.Process.Group.Dev2kOdbc,AssetFolderPath=>Parameter/RPA/23_Process ,DevMode=> False , ",PC10239
8/8/2023 9:59:19 AM,Info,SIT-PAYROLL2-attended,23.Process.Group,TISCOGROUP\znithi,"TISCO.Lib.Util : Parameter RPA - Get String- AssetName=>23.Process.Group.oraclepathFile,AssetFolderPath=>Parameter/RPA/23_Process ,DevMode=> False , ",PC10239
8/8/2023 9:59:19 AM,Error,SIT-PAYROLL2-attended,23.Process.Group,TISCOGROUP\znithi,23.Process.Group-Step=> Find Robot Seq - ProcessRobotSeq Not Found,PC10239
8/8/2023 9:59:19 AM,Info,SIT-PAYROLL2-attended,23.Process.Group,TISCOGROUP\znithi,23.Process.Group()-Step=> Find Robot Seq - Finished,PC10239
8/8/2023 9:59:19 AM,Info,SIT-PAYROLL2-attended,23.Process.Group,TISCOGROUP\znithi,23.Process.Group()-Step=> 2.2.2 Check Holiday - Finished,PC10239
8/8/2023 9:59:19 AM,Info,SIT-PAYROLL2-attended,23.Process.Group,TISCOGROUP\znithi,"TISCO.LIB.Display-SetResolutionXY : Before=>1280x800, 32bpp, 32Hz, Flags: None",PC10239
8/8/2023 9:59:19 AM,Error,SIT-PAYROLL2-attended,23.Process.Group,TISCOGROUP\znithi,"TISCO.Lib.Display-SetResolution : Cannot Set -System.Exception: No display mode was found for the desired resolution of 'Width x Height'.
   at UiPathTeam.Display.Activities.SetDisplayModeActivity.Execute(CodeActivityContext context)
   at System.Activities.CodeActivity.InternalExecute(ActivityInstance instance, ActivityExecutor executor, BookmarkManager bookmarkManager)
   at System.Activities.ActivityInstance.Execute(ActivityExecutor executor, BookmarkManager bookmarkManager)
   at System.Activities.Runtime.ActivityExecutor.ExecuteActivityWorkItem.ExecuteBody(ActivityExecutor executor, BookmarkManager bookmarkManager, Location resultLocation)",PC10239
8/8/2023 9:59:20 AM,Trace,SIT-PAYROLL2-attended,23.Process.Group,TISCOGROUP\znithi,Killing processes...,PC10239
8/8/2023 9:59:21 AM,Info,SIT-PAYROLL2-attended,23.Process.Group,TISCOGROUP\znithi,"Tuesday, 08 August 2023 : 09:59:21 :  Start_Create_Queue_Process_23*** Flow23_Payroll ***",PC10239
8/8/2023 9:59:21 AM,Info,SIT-PAYROLL2-attended,23.Process.Group,TISCOGROUP\znithi,Control file on this path #1 >>>O:\RPA for Payroll\VENDOR\Control_file,PC10239
8/8/2023 9:59:21 AM,Info,SIT-PAYROLL2-attended,23.Process.Group,TISCOGROUP\znithi,Control file on this path #2>>>O:\RPA for Payroll\VENDOR\Control_file\ControlFile.xlsx,PC10239
8/8/2023 9:59:21 AM,Info,SIT-PAYROLL2-attended,23.Process.Group,TISCOGROUP\znithi,Start_Clear_Queue_for Process23.Group,PC10239
8/8/2023 9:59:21 AM,Info,SIT-PAYROLL2-attended,23.Process.Group,TISCOGROUP\znithi,Start_Create_Queue_for Process23.Group,PC10239
8/8/2023 9:59:23 AM,Info,SIT-PAYROLL2-attended,23.Process.Group,TISCOGROUP\znithi,Complete_Create_Queue_for Process23.Group,PC10239
8/8/2023 9:59:23 AM,Trace,SIT-PAYROLL2-attended,23.Process.Group,TISCOGROUP\znithi,O:\RPA for Payroll\VENDOR\Control_file\ControlFile.xlsx,PC10239
8/8/2023 9:59:24 AM,Info,SIT-PAYROLL2-attended,23.Process.Group,TISCOGROUP\znithi,Transaction Started,PC10239
8/8/2023 9:59:24 AM,Info,SIT-PAYROLL2-attended,23.Process.Group,TISCOGROUP\znithi,Processing Transaction Number: 1,PC10239
8/8/2023 9:59:24 AM,Info,SIT-PAYROLL2-attended,23.Process.Group,TISCOGROUP\znithi,Start_Process_Payroll_Group2023/08/08__0959,PC10239
8/8/2023 9:59:25 AM,Info,SIT-PAYROLL2-attended,23.Process.Group,TISCOGROUP\znithi,Start_working on Company code >>>>338_NEW_TAXCAL,PC10239
8/8/2023 9:59:25 AM,Info,SIT-PAYROLL2-attended,23.Process.Group,TISCOGROUP\znithi,"Tuesday, 08 August 2023 : 09:59:25 :  Already_Kill_All_Process *** Flow23_Payroll ***",PC10239
8/8/2023 9:59:25 AM,Info,SIT-PAYROLL2-attended,23.Process.Group,TISCOGROUP\znithi,F23 : Start Map Drive,PC10239
8/8/2023 9:59:25 AM,Trace,SIT-PAYROLL2-attended,23.Process.Group,TISCOGROUP\znithi,O:\RPA for Payroll\VENDOR\Input_file\input_group1_comp_338.xlsxttt,PC10239
8/8/2023 9:59:25 AM,Warning,SIT-PAYROLL2-attended,23.Process.Group,TISCOGROUP\znithi,Not Found input1,PC10239
8/8/2023 9:59:25 AM,Trace,SIT-PAYROLL2-attended,23.Process.Group,TISCOGROUP\znithi,No,PC10239
8/8/2023 9:59:25 AM,Warning,SIT-PAYROLL2-attended,23.Process.Group,TISCOGROUP\znithi,Not Found input2,PC10239
8/8/2023 9:59:25 AM,Trace,SIT-PAYROLL2-attended,23.Process.Group,TISCOGROUP\znithi,O:\RPA for Payroll\VENDOR\Input_file\input_group3_comp_338.xlsxrr,PC10239
8/8/2023 9:59:25 AM,Warning,SIT-PAYROLL2-attended,23.Process.Group,TISCOGROUP\znithi,Not Found input3,PC10239
8/8/2023 9:59:25 AM,Trace,SIT-PAYROLL2-attended,23.Process.Group,TISCOGROUP\znithi,O:\RPA for Payroll\VENDOR\Input_file\input_group4_comp_338.xlsxttt,PC10239
8/8/2023 9:59:25 AM,Warning,SIT-PAYROLL2-attended,23.Process.Group,TISCOGROUP\znithi,Not Found input4,PC10239
8/8/2023 9:59:25 AM,Trace,SIT-PAYROLL2-attended,23.Process.Group,TISCOGROUP\znithi,No,PC10239
8/8/2023 9:59:25 AM,Warning,SIT-PAYROLL2-attended,23.Process.Group,TISCOGROUP\znithi,Not Found input5,PC10239
8/8/2023 9:59:25 AM,Trace,SIT-PAYROLL2-attended,23.Process.Group,TISCOGROUP\znithi,O:\RPA for Payroll\VENDOR\Input_file\input_group6_comp_338.xlsx,PC10239
8/8/2023 9:59:25 AM,Info,SIT-PAYROLL2-attended,23.Process.Group,TISCOGROUP\znithi,Found_file_input6,PC10239
8/8/2023 9:59:25 AM,Info,SIT-PAYROLL2-attended,23.Process.Group,TISCOGROUP\znithi,Step 1 >>> is No,PC10239
8/8/2023 9:59:25 AM,Info,SIT-PAYROLL2-attended,23.Process.Group,TISCOGROUP\znithi,Step 3 >>> is No,PC10239
8/8/2023 9:59:25 AM,Info,SIT-PAYROLL2-attended,23.Process.Group,TISCOGROUP\znithi,Step 4 >>> is No,PC10239
8/8/2023 9:59:25 AM,Info,SIT-PAYROLL2-attended,23.Process.Group,TISCOGROUP\znithi,Step 6 >>> is Yes,PC10239
8/8/2023 9:59:25 AM,Info,SIT-PAYROLL2-attended,23.Process.Group,TISCOGROUP\znithi,"TISCO.Lib.Collaboration:Email-Notify-Step=> Start , isDev=> True , Version=>1.0.6",PC10239
8/8/2023 9:59:25 AM,Info,SIT-PAYROLL2-attended,23.Process.Group,TISCOGROUP\znithi,"TISCO.Lib.Collaboration:Email-Notify-Path>>,isExists>>False",PC10239
8/8/2023 9:59:26 AM,Info,SIT-PAYROLL2-attended,23.Process.Group,TISCOGROUP\znithi,TISCO.Lib.Collaboration:Start Mail Assign Template Sequence,PC10239
8/8/2023 9:59:26 AM,Trace,SIT-PAYROLL2-attended,23.Process.Group,TISCOGROUP\znithi,"TISCO.Lib.Collaboration:Mail Body Data : {    ""data"": {        ""type"": 5,        ""template_id"": ""224_2"",        ""sending_type"": 1,        ""application_code"": ""224"",        ""email_template_data"": [            {                ""recipient"": [""navaratn@tisco.co.th"",""puttiphon.t@g-able.com""],                ""cc"": [""navaratn@tisco.co.th"",""puttiphon.t@g-able.com""],                ""bcc"": [""navaratn@tisco.co.th"",""puttiphon.t@g-able.com""],                ""attachment"": [],                ""template_variable"": {""mode_name"":""DEV"",""flow_code"":""23"",""flow_name"":""23.Process.Group"",""sub_flow_name"":"""",""as_of_date"":""08/08/2023"",""status"":""Processing"",""start_time"":""08/08/2023 09.59.25"",""end_time"":""08/08/2023 09.59.26"",""remark"":""Start Perform on Company&gt;&gt;&gt;338_NEW_TAXCAL""}            }        ]    }}",PC10239
8/8/2023 9:59:28 AM,Info,SIT-PAYROLL2-attended,23.Process.Group,TISCOGROUP\znithi,"TISCO.Lib.Collaboration:ReqGuid :  c7cf9316-427c-4bc6-87ca-bcf2e0104431,StatusCode :  200 ,Result return Body : {""meta"":{""response_desc"":""Success"",""response_code"":""20000"",""response_ref"":""{{$guid}}"",""response_datetime"":""08-08-2023 09:59:28""}}",PC10239
8/8/2023 9:59:28 AM,Info,SIT-PAYROLL2-attended,23.Process.Group,TISCOGROUP\znithi,TISCO.Lib.Collaboration:Send Email template 224_2 success,PC10239
8/8/2023 9:59:28 AM,Info,SIT-PAYROLL2-attended,23.Process.Group,TISCOGROUP\znithi,23.Process.Group()-Step=> 3.Start Process Notify - Finished,PC10239
8/8/2023 9:59:28 AM,Info,SIT-PAYROLL2-attended,23.Process.Group,TISCOGROUP\znithi,Step_1_has fail,PC10239
8/8/2023 9:59:28 AM,Info,SIT-PAYROLL2-attended,23.Process.Group,TISCOGROUP\znithi,Step_3_has fail_Can't_Find_file_input,PC10239
8/8/2023 9:59:28 AM,Info,SIT-PAYROLL2-attended,23.Process.Group,TISCOGROUP\znithi,Step_4_has fail,PC10239
8/8/2023 9:59:28 AM,Info,SIT-PAYROLL2-attended,23.Process.Group,TISCOGROUP\znithi,Start_Process_group6__2023/08/08__0959,PC10239
8/8/2023 9:59:29 AM,Info,SIT-PAYROLL2-attended,23.Process.Group,TISCOGROUP\znithi,Start_PROCESS_Group6_,PC10239
8/8/2023 9:59:29 AM,Info,SIT-PAYROLL2-attended,23.Process.Group,TISCOGROUP\znithi,1.Dev2kapp = PR 2.Dev2kData = PR 3.Dev2kDesc = PAYROLL 4. Dev2kMenu = PRERPA 5. Dev2kModule = XP0USB 6.Dev2kOdbc PR 7.OraclePath F:\APP_IN\PROTI\EXE\ORACLE.PRL,PC10239
8/8/2023 9:59:29 AM,Info,SIT-PAYROLL2-attended,23.Process.Group,TISCOGROUP\znithi,Company is >>>338_NEW_TAXCAL,PC10239
8/8/2023 9:59:29 AM,Info,SIT-PAYROLL2-attended,23.Process.Group,TISCOGROUP\znithi,Found_File_input_Group6,PC10239
8/8/2023 9:59:36 AM,Info,SIT-PAYROLL2-attended,23.Process.Group,TISCOGROUP\znithi,Step 24 is>>No__Step 25 is>>No__Step 26 is>>No__Step 27 is>>No__Step 28 is>>No__Step 29 is>>No__Step 30 is>>No__Step 34is>>No__Step 35 is>>No__Step 36 is>>No__Step 37 is>>No__Step 38 is>>No__Step 39 is>>No__Step 40 is>>No__Step 41 is>>No__Step 42 is>>No__Step 43 is>>No__Step 44 is>>No__Step 45 is>>Yes__Step 46 is>>No__Step 47 is>>No__Step 49 is>>No__Step 50 is>>No,PC10239
8/8/2023 9:59:36 AM,Info,SIT-PAYROLL2-attended,23.Process.Group,TISCOGROUP\znithi,File_ResultG6 >>>O:\RPA for Payroll\VENDOR\Result\20230808\input_group6_ResultFile_338_NEW_TAXCAL_20230808_0959.xlsx,PC10239
8/8/2023 9:59:36 AM,Info,SIT-PAYROLL2-attended,23.Process.Group,TISCOGROUP\znithi,Move_File_ResultG6>>>O:\RPA for Payroll\VENDOR\Result\20230808\338_NEW_TAXCAL,PC10239
8/8/2023 9:59:36 AM,Info,SIT-PAYROLL2-attended,23.Process.Group,TISCOGROUP\znithi,Start Create result_File_Group6,PC10239
8/8/2023 9:59:37 AM,Info,SIT-PAYROLL2-attended,23.Process.Group,TISCOGROUP\znithi,Paht file result G6 is___O:\RPA for Payroll\VENDOR\Result\20230808\input_group6_ResultFile_338_NEW_TAXCAL_20230808_0959.xlsx,PC10239
8/8/2023 9:59:37 AM,Info,SIT-PAYROLL2-attended,23.Process.Group,TISCOGROUP\znithi,start_delete_file_Group6,PC10239
8/8/2023 9:59:37 AM,Info,SIT-PAYROLL2-attended,23.Process.Group,TISCOGROUP\znithi,Not delete file >>>C:\APP_IN\Temp\WHERE.TXT,PC10239
8/8/2023 9:59:37 AM,Info,SIT-PAYROLL2-attended,23.Process.Group,TISCOGROUP\znithi,Finish_delete_file_old file in group 6,PC10239
8/8/2023 9:59:37 AM,Info,SIT-PAYROLL2-attended,23.Process.Group,TISCOGROUP\znithi,Already_get_Credential_Payroll_world,PC10239
8/8/2023 9:59:47 AM,Info,SIT-PAYROLL2-attended,23.Process.Group,TISCOGROUP\znithi,'---,PC10239
8/8/2023 9:59:48 AM,Info,SIT-PAYROLL2-attended,23.Process.Group,TISCOGROUP\znithi,Start_PROCESS_Group6_Payroll_Step45,PC10239
8/8/2023 9:59:48 AM,Info,SIT-PAYROLL2-attended,23.Process.Group,TISCOGROUP\znithi,Period_date==07/31/2022 00:00:00,PC10239
8/8/2023 9:59:48 AM,Info,SIT-PAYROLL2-attended,23.Process.Group,TISCOGROUP\znithi,Convert time >>>31/07/2022,PC10239
8/8/2023 9:59:48 AM,Info,SIT-PAYROLL2-attended,23.Process.Group,TISCOGROUP\znithi,Process_Payroll_Process_Step45,PC10239
8/8/2023 9:59:48 AM,Info,SIT-PAYROLL2-attended,23.Process.Group,TISCOGROUP\znithi,Process_Payroll_Start_Open_Payroll_Program_Step45,PC10239
8/8/2023 9:59:50 AM,Info,SIT-PAYROLL2-attended,23.Process.Group,TISCOGROUP\znithi,"338 NEW TAXCAL      ",PC10239
8/8/2023 9:59:53 AM,Info,SIT-PAYROLL2-attended,23.Process.Group,TISCOGROUP\znithi,Already_tab,PC10239
8/8/2023 10:01:45 AM,Info,SIT-PAYROLL2-attended,23.Process.Group,TISCOGROUP\znithi,Already_tab,PC10239
8/8/2023 10:01:49 AM,Info,SIT-PAYROLL2-attended,23.Process.Group,TISCOGROUP\znithi,Start Set Transaction_Data,PC10239
8/8/2023 10:01:49 AM,Info,SIT-PAYROLL2-attended,23.Process.Group,TISCOGROUP\znithi,Start_set_transaction_Success,PC10239
8/8/2023 10:01:50 AM,Info,SIT-PAYROLL2-attended,23.Process.Group,TISCOGROUP\znithi,Transaction Ended,PC10239
8/8/2023 10:01:50 AM,Info,SIT-PAYROLL2-attended,23.Process.Group,TISCOGROUP\znithi,Transaction Successful.,PC10239
8/8/2023 10:01:50 AM,Info,SIT-PAYROLL2-attended,23.Process.Group,TISCOGROUP\znithi,Path_result_file_G3___,PC10239
8/8/2023 10:01:50 AM,Info,SIT-PAYROLL2-attended,23.Process.Group,TISCOGROUP\znithi,Path_result_file_G6___,PC10239
8/8/2023 10:01:50 AM,Info,SIT-PAYROLL2-attended,23.Process.Group,TISCOGROUP\znithi,23_Group_G3&G6: Writing result to control file,PC10239
