name,type,value
23.Process.Group1.Main.NotifyMailTo,text,"navaratn@tisco.co.th,jurees@tisco.co.th"
23.Process.Group1.Main.NotifyMailCC,text,
23.Process.Group1.Main.NotifyMailBCC,text,
23.Process.Group.EnableProcessFlag,Boolean,TRUE
23.Process.Group.NotifyMailBCC,text,-
23.Process.Group.NotifyMailCC,text,-
23.Process.Group.NotifyMailTo,text,-
23.Process.Group.NotifyMailTo.Payroll,text,-
23.Process.Group.Controlfile,text,C:\App_in\Temp\ControlFile
23.Process.Group.control_path,text,C:\App_in\Temp\ControlFile
23.Process.Group.Pathresult,text,C:\App_in\Temp\ControlFile
23.Process.Group.Waiting_time,integer,60000
23.Process.Group.G2_delay,integer,120000
