name,type,value
23.Process.Main.MapNetworkPath,text,\\hofsdv.tisconetdev.com\RPA$
23.Process.Group1.Controlfile,text,O:\RPA for Payroll\VENDOR\Control_file
23.Process.Main.Dev2kApp,text,PR
23.Process.Main.Dev2kData,text,PR
23.Process.Main.Dev2kDesc,text,PAYROLL
23.Process.Main.Dev2kMenu,text,PRERPA
23.Process.Main.Dev2kModule,text,XP0USB
23.Process.Main.Dev2kOdbc,text,DS_PR_TISCO9
23.Process.Main.oraclepathFile,text,F:\APP_IN\PRTTI\EXE_UAT\ORACLE.PRL
23.Process.Group.ProcessRobotHosts,text,PC7935
23.Process.Group1.control_path,text,O:\RPA for Payroll\VENDOR\Control_file
23.Process.Group1.Pathresult,text,O:\RPA for Payroll\VENDOR\Result
23.Process.Group1.ProcessRobotHosts,text,"HORPAATDT04,HORPAATDT05,PC7935"
23.Process.Group1.webcft,text,https://backwebsit02/cft/logon.jsp
23.Proxy.Group.Asset.remoteAtdRunProcName,text,23.Process.Group
23.Proxy.Group.Asset.RemoteHosts,text,PC7935
