name,type,value
23.Process.Group1.Main.NotifyMailTo,text,"navaratn@tisco.co.th,jurees@tisco.co.th"
23.Process.Group1.Main.NotifyMailCC,text,
23.Process.Group1.Main.NotifyMailBCC,text,
23.Process.Group.EnableProcessFlag,Boolean,TRUE
23.Process.Group.NotifyMailBCC,text,
23.Process.Group.NotifyMailCC,text,navaratn@tisco.co.th
23.Process.Group.NotifyMailTo,text,navaratn@tisco.co.th
23.Process.Group.NotifyMailTo.Payroll,text,navaratn@tisco.co.th
23.Process.Group.Controlfile,text,O:\RPA for Payroll\VENDOR\Control_file
23.Process.Group.control_path,text,O:\RPA for Payroll\VENDOR\Control_file
23.Process.Group.Pathresult,text,O:\RPA for Payroll\VENDOR\Result
23.Process.Group.Waiting_time,Integer,60000
23.Process.Group.G2_delay,Integer,120000
