name,type,value
23.Process.Group.Dev2kApp,text,PR
23.Process.Group.Dev2kData,text,PR
23.Process.Group.Dev2kDesc,text,PAYROLL
23.Process.Group.Dev2kMenu,text,PRERPA
23.Process.Group.Dev2kModule,text,XP0USB
23.Process.Group.Dev2kOdbc,text,PR
23.Process.Group.MapDrive,text,\\HOAPPFD1.tisconetdev.com\applsrc$
23.Process.Group.MapServiceAccountDomain,text,TISCOGROUP
23.Process.Group.MapSharePathCheckExists,text,F:\APP_IN\PRTTI\EXE_UAT
23.Process.Group.oraclepathFile,text,F:\APP_IN\PRTTI\EXE_UAT\ORACLE.PRL
23.Process.Group.ProcessRobotHosts,text,PC7935
23.Process.Group1.ProcessRobotHosts,text,"HORPAATDT04,HORPAATDT05,PC7935"
23.Process.Group.webcft,text,https://backwebsit02/cft/logon.jsp
23.Proxy.Group.Asset.remoteAtdRunProcName,text,23.Process.Group
23.Proxy.Group.Asset.RemoteHosts,text,PC7935
23.Process.Group.wpspath,text,C:\Program Files (x86)\Kingsoft\WPS Office\11.2.0.10026\office6\et.exe
23.Process.Group.Waiting_time,integer,60000
