name,type,value
23.Process.Group1.Main.NotifyMailTo,text,"navaratn@tisco.co.th,jurees@tisco.co.th"
23.Process.Group1.Main.NotifyMailCC,text,
23.Process.Group1.Main.NotifyMailBCC,text,
23.Process.Group.EnableProcessFlag,Boolean,TRUE
23.Process.Group.NotifyMailBCC,text,
23.Process.Group.NotifyMailCC,text,navaratn@tisco.co.th
23.Process.Group.NotifyMailTo,text,navaratn@tisco.co.th
23.Process.Group.NotifyMailTo.Payroll,text,navaratn@tisco.co.th
23.Process.Main.EnableProcessFlag,boolean,TRUE
23.Process.Main.maxCountLoop,integer,100