name,type,value
23.Process.Group1.Main.NotifyMailCC,text,
23.Process.Group1.Main.NotifyMailBCC,text,
23.Process.Group.EnableProcessFlag,Boolean,TRUE
23.Process.Group.NotifyMailBCC,text,
23.Process.Group.NotifyMailCC,text,
23.Process.Group.NotifyMailTo,text,
23.Process.Group.NotifyMailTo.Payroll,text,
23.Process.Group.Controlfile,text,C:\APP_IN\Temp\Controlfile
23.Process.Group.control_path,text,C:\APP_IN\Temp\Controlfile
23.Process.Group.Pathresult,text,C:\APP_IN\Temp\Controlfile
23.Process.Group.Waiting_time,Integer,60000
23.Process.Group.G2_delay,Integer,120000
