﻿Time,Level,Robot,Process,User,Message
5/18/2021 6:25:20 PM,Info,HORPAATDT02-unattended,03.Process.Main,TISCONETDEV\RPAATDT02SVC,03.Process.Main execution started
5/18/2021 6:25:24 PM,Info,HORPAATDT02-unattended,03.Process.Main,TISCONETDEV\RPAATDT02SVC,"03.Process.Main()-Step=> 1.Initial Variables , isDev=> False , Version=>1.0.0.1 , Machine=>HORPAATDT02"
5/18/2021 6:25:25 PM,Error,HORPAATDT02-unattended,03.Process.Main,TISCONETDEV\RPAATDT02SVC,"03.Process.Main()-Step=> 2.Get Asset Value  , Error Msg=> Could not find an asset with this name. Error code: 1002 :    at UiPath.Core.Activities.HttpStatusCodeExtension.OrchestratorEnsureStatusCode(HttpResponseMessage response)
   at UiPath.Core.Activities.BaseAssetActivity.EndExecute(AsyncCodeActivityContext context, IAsyncResult result)
   at System.Activities.AsyncCodeActivity.System.Activities.IAsyncCodeActivity.FinishExecution(AsyncCodeActivityContext context, IAsyncResult result)
   at System.Activities.AsyncCodeActivity.CompleteAsyncCodeActivityData.CompleteAsyncCodeActivityWorkItem.Execute(ActivityExecutor executor, BookmarkManager bookmarkManager) "
5/18/2021 6:25:25 PM,Error,HORPAATDT02-unattended,03.Process.Main,TISCONETDEV\RPAATDT02SVC,"Email - Notify Error: Can not assign 'MailTo.Split("",""c)' to 'mailToArr'."
5/18/2021 6:25:25 PM,Info,HORPAATDT02-unattended,03.Process.Main,TISCONETDEV\RPAATDT02SVC,03.Process.Main execution ended
5/19/2021 2:57:13 PM,Info,HORPAATDT02-unattended,03.Process.Main,TISCONETDEV\RPAATDT02SVC,03.Process.Main execution started
5/19/2021 2:57:17 PM,Info,HORPAATDT02-unattended,03.Process.Main,TISCONETDEV\RPAATDT02SVC,"03.Process.Main()-Step=> 1.Initial Variables , isDev=> False , Version=>1.0.0.1 , Machine=>HORPAATDT02"
5/19/2021 2:57:17 PM,Error,HORPAATDT02-unattended,03.Process.Main,TISCONETDEV\RPAATDT02SVC,"03.Process.Main()-Step=> 2.Get Asset Value  , Error Msg=> Could not find an asset with this name. Error code: 1002 :    at UiPath.Core.Activities.HttpStatusCodeExtension.OrchestratorEnsureStatusCode(HttpResponseMessage response)
   at UiPath.Core.Activities.BaseAssetActivity.EndExecute(AsyncCodeActivityContext context, IAsyncResult result)
   at System.Activities.AsyncCodeActivity.System.Activities.IAsyncCodeActivity.FinishExecution(AsyncCodeActivityContext context, IAsyncResult result)
   at System.Activities.AsyncCodeActivity.CompleteAsyncCodeActivityData.CompleteAsyncCodeActivityWorkItem.Execute(ActivityExecutor executor, BookmarkManager bookmarkManager) "
5/19/2021 2:57:17 PM,Error,HORPAATDT02-unattended,03.Process.Main,TISCONETDEV\RPAATDT02SVC,"Email - Notify Error: Can not assign 'MailTo.Split("",""c)' to 'mailToArr'."
5/19/2021 2:57:17 PM,Info,HORPAATDT02-unattended,03.Process.Main,TISCONETDEV\RPAATDT02SVC,03.Process.Main execution ended
5/19/2021 3:00:21 PM,Info,HORPAATDT02-unattended,03.Process.Main,TISCONETDEV\RPAATDT02SVC,03.Process.Main execution started
5/19/2021 3:00:25 PM,Info,HORPAATDT02-unattended,03.Process.Main,TISCONETDEV\RPAATDT02SVC,"03.Process.Main()-Step=> 1.Initial Variables , isDev=> False , Version=>1.0.0.1 , Machine=>HORPAATDT02"
5/19/2021 3:00:26 PM,Error,HORPAATDT02-unattended,03.Process.Main,TISCONETDEV\RPAATDT02SVC,"03.Process.Main()-Step=> 2.Get Asset Value  , Error Msg=> Could not find an asset with this name. Error code: 1002 :    at UiPath.Core.Activities.HttpStatusCodeExtension.OrchestratorEnsureStatusCode(HttpResponseMessage response)
   at UiPath.Core.Activities.BaseAssetActivity.EndExecute(AsyncCodeActivityContext context, IAsyncResult result)
   at System.Activities.AsyncCodeActivity.System.Activities.IAsyncCodeActivity.FinishExecution(AsyncCodeActivityContext context, IAsyncResult result)
   at System.Activities.AsyncCodeActivity.CompleteAsyncCodeActivityData.CompleteAsyncCodeActivityWorkItem.Execute(ActivityExecutor executor, BookmarkManager bookmarkManager) "
5/19/2021 3:00:26 PM,Info,HORPAATDT02-unattended,03.Process.Main,TISCONETDEV\RPAATDT02SVC,"TISCO-Lib-Collab-Email-Notify-Step=> Start , isDev=> False , Version=>1.0.2"
5/19/2021 3:00:38 PM,Info,HORPAATDT02-unattended,03.Process.Main,TISCONETDEV\RPAATDT02SVC,"TISCO-Lib-Collab-Mail-Template=>224_2 - Success ,ReqGuid=> f02f5a67-2cdd-4657-9e35-a1dc7d774994 reqGuid ,Result return Body=> {""meta"":{""response_datetime"":""19-05-2021 15:00:42"",""response_desc"":""Success"",""response_ref"":""{{$guid}}"",""response_code"":""20000""}}"
5/19/2021 3:00:38 PM,Error,HORPAATDT02-unattended,03.Process.Main,TISCONETDEV\RPAATDT02SVC,Get Asset - Process Robot Host: Could not find an asset with this name. Error code: 1002
5/19/2021 3:00:38 PM,Info,HORPAATDT02-unattended,03.Process.Main,TISCONETDEV\RPAATDT02SVC,03.Process.Main execution ended
5/19/2021 3:23:27 PM,Info,HORPAATDT02-unattended,03.Process.Main,TISCONETDEV\RPAATDT02SVC,03.Process.Main execution started
5/19/2021 3:23:31 PM,Info,HORPAATDT02-unattended,03.Process.Main,TISCONETDEV\RPAATDT02SVC,"03.Process.Main()-Step=> 1.Initial Variables , isDev=> False , Version=>1.0.0.1 , Machine=>HORPAATDT02"
5/19/2021 3:23:31 PM,Info,HORPAATDT02-unattended,03.Process.Main,TISCONETDEV\RPAATDT02SVC,03.Process.Main-Step=> Find Robot Seq - ProcessRobotSeq=> 1
5/19/2021 3:23:31 PM,Info,HORPAATDT02-unattended,03.Process.Main,TISCONETDEV\RPAATDT02SVC,03.Process.Main()-Step=> Find Robot Seq - Finished
5/19/2021 3:23:31 PM,Info,HORPAATDT02-unattended,03.Process.Main,TISCONETDEV\RPAATDT02SVC,"TISCO-Lib-Collab-Email-Notify-Step=> Start , isDev=> False , Version=>1.0.2"
5/19/2021 3:23:34 PM,Info,HORPAATDT02-unattended,03.Process.Main,TISCONETDEV\RPAATDT02SVC,"TISCO-Lib-Collab-Mail-Template=>224_2 - Success ,ReqGuid=> e12be608-da5b-43ed-b8e7-e7294bb8cec7 reqGuid ,Result return Body=> {""meta"":{""response_datetime"":""19-05-2021 15:23:38"",""response_code"":""20000"",""response_desc"":""Success"",""response_ref"":""{{$guid}}""}}"
5/19/2021 3:23:34 PM,Info,HORPAATDT02-unattended,03.Process.Main,TISCONETDEV\RPAATDT02SVC,03.Process.Main()-Step=> 3.Start Process Notify - Finished
5/19/2021 3:23:34 PM,Error,HORPAATDT02-unattended,03.Process.Main,TISCONETDEV\RPAATDT02SVC,"03.Process.Main()-Step=> 4.2.Preparation-Map Network Drive  , Error Msg=> Could not find an asset with this name. Error code: 1002 :    at UiPath.Core.Activities.HttpStatusCodeExtension.OrchestratorEnsureStatusCode(HttpResponseMessage response)
   at UiPath.Core.Activities.BaseAssetActivity.EndExecute(AsyncCodeActivityContext context, IAsyncResult result)
   at System.Activities.AsyncCodeActivity.System.Activities.IAsyncCodeActivity.FinishExecution(AsyncCodeActivityContext context, IAsyncResult result)
   at System.Activities.AsyncCodeActivity.CompleteAsyncCodeActivityData.CompleteAsyncCodeActivityWorkItem.Execute(ActivityExecutor executor, BookmarkManager bookmarkManager) "
5/19/2021 3:23:34 PM,Info,HORPAATDT02-unattended,03.Process.Main,TISCONETDEV\RPAATDT02SVC,"TISCO-Lib-Collab-Email-Notify-Step=> Start , isDev=> False , Version=>1.0.2"
5/19/2021 3:23:43 PM,Info,HORPAATDT02-unattended,03.Process.Main,TISCONETDEV\RPAATDT02SVC,"TISCO-Lib-Collab-Mail-Template=>224_2 - Success ,ReqGuid=> 1ff86758-0d0d-4d9d-8cd1-3ab58032b1fe reqGuid ,Result return Body=> {""meta"":{""response_datetime"":""19-05-2021 15:23:47"",""response_code"":""20000"",""response_desc"":""Success"",""response_ref"":""{{$guid}}""}}"
5/19/2021 3:23:43 PM,Error,HORPAATDT02-unattended,03.Process.Main,TISCONETDEV\RPAATDT02SVC,Get Asset-Map NetworkDrive: Could not find an asset with this name. Error code: 1002
5/19/2021 3:23:43 PM,Info,HORPAATDT02-unattended,03.Process.Main,TISCONETDEV\RPAATDT02SVC,03.Process.Main execution ended
5/20/2021 2:22:39 PM,Info,HORPAATDT02-unattended,03.Process.Main,TISCONETDEV\RPAATDT02SVC,03.Process.Main execution started
5/20/2021 2:22:45 PM,Info,HORPAATDT02-unattended,03.Process.Main,TISCONETDEV\RPAATDT02SVC,"03.Process.Main()-Step=> 1.Initial Variables , isDev=> False , Version=>1.0.0.1 , Machine=>HORPAATDT02"
5/20/2021 2:22:45 PM,Info,HORPAATDT02-unattended,03.Process.Main,TISCONETDEV\RPAATDT02SVC,03.Process.Main-Step=> Find Robot Seq - ProcessRobotSeq=> 1
5/20/2021 2:22:45 PM,Info,HORPAATDT02-unattended,03.Process.Main,TISCONETDEV\RPAATDT02SVC,03.Process.Main()-Step=> Find Robot Seq - Finished
5/20/2021 2:22:45 PM,Info,HORPAATDT02-unattended,03.Process.Main,TISCONETDEV\RPAATDT02SVC,"TISCO-Lib-Collab-Email-Notify-Step=> Start , isDev=> False , Version=>1.0.2"
5/20/2021 2:22:52 PM,Info,HORPAATDT02-unattended,03.Process.Main,TISCONETDEV\RPAATDT02SVC,"TISCO-Lib-Collab-Mail-Template=>224_2 - Success ,ReqGuid=> 9d61737d-c2dc-48f3-95e7-f7cc31d6e727 reqGuid ,Result return Body=> {""meta"":{""response_desc"":""Success"",""response_code"":""20000"",""response_ref"":""{{$guid}}"",""response_datetime"":""20-05-2021 14:22:57""}}"
5/20/2021 2:22:52 PM,Info,HORPAATDT02-unattended,03.Process.Main,TISCONETDEV\RPAATDT02SVC,03.Process.Main()-Step=> 3.Start Process Notify - Finished
5/20/2021 2:22:59 PM,Info,HORPAATDT02-unattended,03.Process.Main,TISCONETDEV\RPAATDT02SVC,foundMapDrive=>False
5/20/2021 2:22:59 PM,Error,HORPAATDT02-unattended,03.Process.Main,TISCONETDEV\RPAATDT02SVC,"03.Process.Main()-Step=> 4.Preparation-Check Path ,Path-G:\RPA_IT\IUM_PROGRAM_RPA\F3INPUT => Not Found!! "
5/20/2021 2:22:59 PM,Error,HORPAATDT02-unattended,03.Process.Main,TISCONETDEV\RPAATDT02SVC,"03.Process.Main()-Step=> 4.4-All Connection Summary  , Error Msg=> Test Connection Fail :    at System.Activities.Statements.Throw.Execute(CodeActivityContext context)
   at System.Activities.CodeActivity.InternalExecute(ActivityInstance instance, ActivityExecutor executor, BookmarkManager bookmarkManager)
   at System.Activities.ActivityInstance.Execute(ActivityExecutor executor, BookmarkManager bookmarkManager)
   at System.Activities.Runtime.ActivityExecutor.ExecuteActivityWorkItem.ExecuteBody(ActivityExecutor executor, BookmarkManager bookmarkManager, Location resultLocation) "
5/20/2021 2:22:59 PM,Info,HORPAATDT02-unattended,03.Process.Main,TISCONETDEV\RPAATDT02SVC,"TISCO-Lib-Collab-Email-Notify-Step=> Start , isDev=> False , Version=>1.0.2"
5/20/2021 2:23:08 PM,Info,HORPAATDT02-unattended,03.Process.Main,TISCONETDEV\RPAATDT02SVC,"TISCO-Lib-Collab-Mail-Template=>224_2 - Success ,ReqGuid=> f172901e-76e4-4715-a55b-6646a042c2b9 reqGuid ,Result return Body=> {""meta"":{""response_desc"":""Success"",""response_code"":""20000"",""response_ref"":""{{$guid}}"",""response_datetime"":""20-05-2021 14:23:13""}}"
5/20/2021 2:23:08 PM,Error,HORPAATDT02-unattended,03.Process.Main,TISCONETDEV\RPAATDT02SVC,Throw: Test Connection Fail
5/20/2021 2:23:08 PM,Info,HORPAATDT02-unattended,03.Process.Main,TISCONETDEV\RPAATDT02SVC,03.Process.Main execution ended
5/20/2021 2:54:11 PM,Info,HORPAATDT02-unattended,03.Process.Main,TISCONETDEV\RPAATDT02SVC,03.Process.Main execution started
5/20/2021 2:54:15 PM,Info,HORPAATDT02-unattended,03.Process.Main,TISCONETDEV\RPAATDT02SVC,"03.Process.Main()-Step=> 1.Initial Variables , isDev=> False , Version=>1.0.0.1 , Machine=>HORPAATDT02"
5/20/2021 2:54:15 PM,Info,HORPAATDT02-unattended,03.Process.Main,TISCONETDEV\RPAATDT02SVC,03.Process.Main-Step=> Find Robot Seq - ProcessRobotSeq=> 1
5/20/2021 2:54:15 PM,Info,HORPAATDT02-unattended,03.Process.Main,TISCONETDEV\RPAATDT02SVC,03.Process.Main()-Step=> Find Robot Seq - Finished
5/20/2021 2:54:15 PM,Info,HORPAATDT02-unattended,03.Process.Main,TISCONETDEV\RPAATDT02SVC,"TISCO-Lib-Collab-Email-Notify-Step=> Start , isDev=> False , Version=>1.0.2"
5/20/2021 2:54:23 PM,Info,HORPAATDT02-unattended,03.Process.Main,TISCONETDEV\RPAATDT02SVC,"TISCO-Lib-Collab-Mail-Template=>224_2 - Success ,ReqGuid=> d4584b06-f71b-4413-8e80-c95096718381 reqGuid ,Result return Body=> {""meta"":{""response_desc"":""Success"",""response_code"":""20000"",""response_ref"":""{{$guid}}"",""response_datetime"":""20-05-2021 14:54:28""}}"
5/20/2021 2:54:23 PM,Info,HORPAATDT02-unattended,03.Process.Main,TISCONETDEV\RPAATDT02SVC,03.Process.Main()-Step=> 3.Start Process Notify - Finished
5/20/2021 2:54:30 PM,Info,HORPAATDT02-unattended,03.Process.Main,TISCONETDEV\RPAATDT02SVC,foundMapDrive=>False
5/20/2021 2:54:30 PM,Error,HORPAATDT02-unattended,03.Process.Main,TISCONETDEV\RPAATDT02SVC,"03.Process.Main()-Step=> 4.Preparation-Check Path ,Path-G:\RPA_IT\IUM_PROGRAM_RPA\F3INPUT => Not Found!! "
5/20/2021 2:54:30 PM,Error,HORPAATDT02-unattended,03.Process.Main,TISCONETDEV\RPAATDT02SVC,"03.Process.Main()-Step=> 4.4-All Connection Summary  , Error Msg=> Test Connection Fail :    at System.Activities.Statements.Throw.Execute(CodeActivityContext context)
   at System.Activities.CodeActivity.InternalExecute(ActivityInstance instance, ActivityExecutor executor, BookmarkManager bookmarkManager)
   at System.Activities.ActivityInstance.Execute(ActivityExecutor executor, BookmarkManager bookmarkManager)
   at System.Activities.Runtime.ActivityExecutor.ExecuteActivityWorkItem.ExecuteBody(ActivityExecutor executor, BookmarkManager bookmarkManager, Location resultLocation) "
5/20/2021 2:54:30 PM,Info,HORPAATDT02-unattended,03.Process.Main,TISCONETDEV\RPAATDT02SVC,"TISCO-Lib-Collab-Email-Notify-Step=> Start , isDev=> False , Version=>1.0.2"
5/20/2021 2:54:40 PM,Info,HORPAATDT02-unattended,03.Process.Main,TISCONETDEV\RPAATDT02SVC,"TISCO-Lib-Collab-Mail-Template=>224_2 - Success ,ReqGuid=> 43a2e241-412e-4fea-b4b6-a0a13aaa087e reqGuid ,Result return Body=> {""meta"":{""response_ref"":""{{$guid}}"",""response_desc"":""Success"",""response_code"":""20000"",""response_datetime"":""20-05-2021 14:54:44""}}"
5/20/2021 2:54:40 PM,Error,HORPAATDT02-unattended,03.Process.Main,TISCONETDEV\RPAATDT02SVC,Throw: Test Connection Fail
5/20/2021 2:54:40 PM,Info,HORPAATDT02-unattended,03.Process.Main,TISCONETDEV\RPAATDT02SVC,03.Process.Main execution ended
5/20/2021 3:11:49 PM,Info,HORPAATDT02-unattended,03.Process.Main,TISCONETDEV\RPAATDT02SVC,03.Process.Main execution started
5/20/2021 3:11:53 PM,Info,HORPAATDT02-unattended,03.Process.Main,TISCONETDEV\RPAATDT02SVC,"03.Process.Main()-Step=> 1.Initial Variables , isDev=> False , Version=>1.0.0.1 , Machine=>HORPAATDT02"
5/20/2021 3:11:53 PM,Info,HORPAATDT02-unattended,03.Process.Main,TISCONETDEV\RPAATDT02SVC,03.Process.Main-Step=> Find Robot Seq - ProcessRobotSeq=> 1
5/20/2021 3:11:53 PM,Info,HORPAATDT02-unattended,03.Process.Main,TISCONETDEV\RPAATDT02SVC,03.Process.Main()-Step=> Find Robot Seq - Finished
5/20/2021 3:11:53 PM,Info,HORPAATDT02-unattended,03.Process.Main,TISCONETDEV\RPAATDT02SVC,"TISCO-Lib-Collab-Email-Notify-Step=> Start , isDev=> False , Version=>1.0.2"
5/20/2021 3:11:57 PM,Info,HORPAATDT02-unattended,03.Process.Main,TISCONETDEV\RPAATDT02SVC,"TISCO-Lib-Collab-Mail-Template=>224_2 - Success ,ReqGuid=> cc721b31-a2e8-44a9-a27a-a3be2fe21207 reqGuid ,Result return Body=> {""meta"":{""response_ref"":""{{$guid}}"",""response_desc"":""Success"",""response_code"":""20000"",""response_datetime"":""20-05-2021 15:12:02""}}"
5/20/2021 3:11:57 PM,Info,HORPAATDT02-unattended,03.Process.Main,TISCONETDEV\RPAATDT02SVC,03.Process.Main()-Step=> 3.Start Process Notify - Finished
5/20/2021 3:12:00 PM,Info,HORPAATDT02-unattended,03.Process.Main,TISCONETDEV\RPAATDT02SVC,"Thursday, 20 May 2021 : 15:12:00 :  Already_Kill_All_Process *** Flow1-Hiway ***"
5/20/2021 3:12:05 PM,Info,HORPAATDT02-unattended,03.Process.Main,TISCONETDEV\RPAATDT02SVC,Flow 3 - Hiway :End step Unmap DriveGo to end process flow 3
5/20/2021 3:12:05 PM,Info,HORPAATDT02-unattended,03.Process.Main,TISCONETDEV\RPAATDT02SVC,F3 : Start Map Drive
5/20/2021 3:12:13 PM,Info,HORPAATDT02-unattended,03.Process.Main,TISCONETDEV\RPAATDT02SVC,F3 : Found File HR (TEMP)
5/20/2021 3:12:13 PM,Info,HORPAATDT02-unattended,03.Process.Main,TISCONETDEV\RPAATDT02SVC,F3 : Found File HR (Main)
5/20/2021 3:12:19 PM,Error,HORPAATDT02-unattended,03.Process.Main,TISCONETDEV\RPAATDT02SVC,"Invoke Power Shell: The term 'Get-ADuser' is not recognized as the name of a cmdlet, function, script file, or operable program. Check the spelling of the name, or if a path was included, verify that the path is correct and try again."
5/20/2021 3:12:19 PM,Info,HORPAATDT02-unattended,03.Process.Main,TISCONETDEV\RPAATDT02SVC,End Process Flow3 -- Finish Process
5/20/2021 3:12:19 PM,Info,HORPAATDT02-unattended,03.Process.Main,TISCONETDEV\RPAATDT02SVC,03.Process.Main()-Step=> 5.Process - Finished
5/20/2021 3:12:19 PM,Info,HORPAATDT02-unattended,03.Process.Main,TISCONETDEV\RPAATDT02SVC,"TISCO-Lib-Collab-Email-Notify-Step=> Start , isDev=> False , Version=>1.0.2"
5/20/2021 3:12:21 PM,Info,HORPAATDT02-unattended,03.Process.Main,TISCONETDEV\RPAATDT02SVC,"TISCO-Lib-Collab-Mail-Template=>224_2 - Success ,ReqGuid=> af1dbe87-ecc6-49f3-9176-812e03d849f3 reqGuid ,Result return Body=> {""meta"":{""response_desc"":""Success"",""response_code"":""20000"",""response_ref"":""{{$guid}}"",""response_datetime"":""20-05-2021 15:12:25""}}"
5/20/2021 3:12:21 PM,Info,HORPAATDT02-unattended,03.Process.Main,TISCONETDEV\RPAATDT02SVC,03.Process.Main()-Step=> 6. Finished Process Notify - Finished
5/20/2021 3:12:21 PM,Info,HORPAATDT02-unattended,03.Process.Main,TISCONETDEV\RPAATDT02SVC,TISCO.Lib.AS400CloseConnection- Start
5/20/2021 3:12:21 PM,Info,HORPAATDT02-unattended,03.Process.Main,TISCONETDEV\RPAATDT02SVC,TISCO.Lib.AS400CloseConnection- Finished
5/20/2021 3:12:21 PM,Info,HORPAATDT02-unattended,03.Process.Main,TISCONETDEV\RPAATDT02SVC,03.Process.Main()-Step=> 7. Close All Program - Finished
5/20/2021 3:12:21 PM,Info,HORPAATDT02-unattended,03.Process.Main,TISCONETDEV\RPAATDT02SVC,03.Process.Main execution ended
5/20/2021 4:49:52 PM,Info,HORPAATDT02-unattended,03.Process.Main,TISCONETDEV\RPAATDT02SVC,03.Process.Main execution started
5/20/2021 4:49:55 PM,Info,HORPAATDT02-unattended,03.Process.Main,TISCONETDEV\RPAATDT02SVC,"03.Process.Main()-Step=> 1.Initial Variables , isDev=> False , Version=>1.0.0.1 , Machine=>HORPAATDT02"
5/20/2021 4:49:56 PM,Info,HORPAATDT02-unattended,03.Process.Main,TISCONETDEV\RPAATDT02SVC,03.Process.Main-Step=> Find Robot Seq - ProcessRobotSeq=> 1
5/20/2021 4:49:56 PM,Info,HORPAATDT02-unattended,03.Process.Main,TISCONETDEV\RPAATDT02SVC,03.Process.Main()-Step=> Find Robot Seq - Finished
5/20/2021 4:49:56 PM,Info,HORPAATDT02-unattended,03.Process.Main,TISCONETDEV\RPAATDT02SVC,"TISCO-Lib-Collab-Email-Notify-Step=> Start , isDev=> False , Version=>1.0.2"
5/20/2021 4:49:59 PM,Info,HORPAATDT02-unattended,03.Process.Main,TISCONETDEV\RPAATDT02SVC,"TISCO-Lib-Collab-Mail-Template=>224_2 - Success ,ReqGuid=> 7383a915-f503-4702-a0b1-a35866b542b6 reqGuid ,Result return Body=> {""meta"":{""response_datetime"":""20-05-2021 16:50:04"",""response_desc"":""Success"",""response_ref"":""{{$guid}}"",""response_code"":""20000""}}"
5/20/2021 4:49:59 PM,Info,HORPAATDT02-unattended,03.Process.Main,TISCONETDEV\RPAATDT02SVC,03.Process.Main()-Step=> 3.Start Process Notify - Finished
5/20/2021 4:50:02 PM,Info,HORPAATDT02-unattended,03.Process.Main,TISCONETDEV\RPAATDT02SVC,"Thursday, 20 May 2021 : 16:50:02 :  Already_Kill_All_Process *** Flow1-Hiway ***"
5/20/2021 4:50:07 PM,Info,HORPAATDT02-unattended,03.Process.Main,TISCONETDEV\RPAATDT02SVC,Flow 3 - Hiway :End step Unmap DriveGo to end process flow 3
5/20/2021 4:50:07 PM,Info,HORPAATDT02-unattended,03.Process.Main,TISCONETDEV\RPAATDT02SVC,F3 : Start Map Drive
5/20/2021 4:50:14 PM,Info,HORPAATDT02-unattended,03.Process.Main,TISCONETDEV\RPAATDT02SVC,F3 : Found File HR (TEMP)
5/20/2021 4:50:14 PM,Info,HORPAATDT02-unattended,03.Process.Main,TISCONETDEV\RPAATDT02SVC,F3 : Found File HR (Main)
5/20/2021 4:50:18 PM,Info,HORPAATDT02-unattended,03.Process.Main,TISCONETDEV\RPAATDT02SVC,output Get_user AD Tiscogroup has Success
5/20/2021 4:50:21 PM,Error,HORPAATDT02-unattended,03.Process.Main,TISCONETDEV\RPAATDT02SVC,"Attach Window 'et.exe  File Conversion': Could not load file or assembly 'UiPath.Interop, Version=0.3.2.0, Culture=neutral, PublicKeyToken=461894da7f0ba157' or one of its dependencies. The system cannot find the file specified."
5/20/2021 4:50:21 PM,Info,HORPAATDT02-unattended,03.Process.Main,TISCONETDEV\RPAATDT02SVC,End Process Flow3 -- Finish Process
5/20/2021 4:50:21 PM,Info,HORPAATDT02-unattended,03.Process.Main,TISCONETDEV\RPAATDT02SVC,03.Process.Main()-Step=> 5.Process - Finished
5/20/2021 4:50:21 PM,Info,HORPAATDT02-unattended,03.Process.Main,TISCONETDEV\RPAATDT02SVC,"TISCO-Lib-Collab-Email-Notify-Step=> Start , isDev=> False , Version=>1.0.2"
5/20/2021 4:50:24 PM,Info,HORPAATDT02-unattended,03.Process.Main,TISCONETDEV\RPAATDT02SVC,"TISCO-Lib-Collab-Mail-Template=>224_2 - Success ,ReqGuid=> 71113b96-e122-4231-b322-7b8863b3db39 reqGuid ,Result return Body=> {""meta"":{""response_ref"":""{{$guid}}"",""response_desc"":""Success"",""response_datetime"":""20-05-2021 16:50:29"",""response_code"":""20000""}}"
5/20/2021 4:50:24 PM,Info,HORPAATDT02-unattended,03.Process.Main,TISCONETDEV\RPAATDT02SVC,03.Process.Main()-Step=> 6. Finished Process Notify - Finished
5/20/2021 4:50:24 PM,Info,HORPAATDT02-unattended,03.Process.Main,TISCONETDEV\RPAATDT02SVC,TISCO.Lib.AS400CloseConnection- Start
5/20/2021 4:50:24 PM,Info,HORPAATDT02-unattended,03.Process.Main,TISCONETDEV\RPAATDT02SVC,TISCO.Lib.AS400CloseConnection- Finished
5/20/2021 4:50:24 PM,Info,HORPAATDT02-unattended,03.Process.Main,TISCONETDEV\RPAATDT02SVC,03.Process.Main()-Step=> 7. Close All Program - Finished
5/20/2021 4:50:24 PM,Info,HORPAATDT02-unattended,03.Process.Main,TISCONETDEV\RPAATDT02SVC,03.Process.Main execution ended
5/20/2021 4:52:00 PM,Info,HORPAATDT02-unattended,03.Process.Main,TISCONETDEV\RPAATDT02SVC,03.Process.Main execution started
5/20/2021 4:52:03 PM,Info,HORPAATDT02-unattended,03.Process.Main,TISCONETDEV\RPAATDT02SVC,"03.Process.Main()-Step=> 1.Initial Variables , isDev=> False , Version=>1.0.0.1 , Machine=>HORPAATDT02"
5/20/2021 4:52:03 PM,Info,HORPAATDT02-unattended,03.Process.Main,TISCONETDEV\RPAATDT02SVC,03.Process.Main-Step=> Find Robot Seq - ProcessRobotSeq=> 1
5/20/2021 4:52:03 PM,Info,HORPAATDT02-unattended,03.Process.Main,TISCONETDEV\RPAATDT02SVC,03.Process.Main()-Step=> Find Robot Seq - Finished
5/20/2021 4:52:03 PM,Info,HORPAATDT02-unattended,03.Process.Main,TISCONETDEV\RPAATDT02SVC,"TISCO-Lib-Collab-Email-Notify-Step=> Start , isDev=> False , Version=>1.0.2"
5/20/2021 4:52:08 PM,Info,HORPAATDT02-unattended,03.Process.Main,TISCONETDEV\RPAATDT02SVC,"TISCO-Lib-Collab-Mail-Template=>224_2 - Success ,ReqGuid=> 4e2f096f-b9c4-4819-9d32-cc1e7933649a reqGuid ,Result return Body=> {""meta"":{""response_desc"":""Success"",""response_code"":""20000"",""response_ref"":""{{$guid}}"",""response_datetime"":""20-05-2021 16:52:13""}}"
5/20/2021 4:52:08 PM,Info,HORPAATDT02-unattended,03.Process.Main,TISCONETDEV\RPAATDT02SVC,03.Process.Main()-Step=> 3.Start Process Notify - Finished
5/20/2021 4:52:10 PM,Info,HORPAATDT02-unattended,03.Process.Main,TISCONETDEV\RPAATDT02SVC,"Thursday, 20 May 2021 : 16:52:10 :  Already_Kill_All_Process *** Flow1-Hiway ***"
5/20/2021 4:52:16 PM,Info,HORPAATDT02-unattended,03.Process.Main,TISCONETDEV\RPAATDT02SVC,Flow 3 - Hiway :End step Unmap DriveGo to end process flow 3
5/20/2021 4:52:16 PM,Info,HORPAATDT02-unattended,03.Process.Main,TISCONETDEV\RPAATDT02SVC,F3 : Start Map Drive
5/20/2021 4:52:23 PM,Info,HORPAATDT02-unattended,03.Process.Main,TISCONETDEV\RPAATDT02SVC,F3 : Found File HR (TEMP)
5/20/2021 4:52:23 PM,Info,HORPAATDT02-unattended,03.Process.Main,TISCONETDEV\RPAATDT02SVC,F3 : Found File HR (Main)
5/20/2021 4:52:26 PM,Info,HORPAATDT02-unattended,03.Process.Main,TISCONETDEV\RPAATDT02SVC,output Get_user AD Tiscogroup has Success
5/20/2021 4:52:29 PM,Error,HORPAATDT02-unattended,03.Process.Main,TISCONETDEV\RPAATDT02SVC,"Attach Window 'et.exe  File Conversion': Could not load file or assembly 'UiPath.Interop, Version=0.3.2.0, Culture=neutral, PublicKeyToken=461894da7f0ba157' or one of its dependencies. The system cannot find the file specified."
5/20/2021 4:52:29 PM,Info,HORPAATDT02-unattended,03.Process.Main,TISCONETDEV\RPAATDT02SVC,End Process Flow3 -- Finish Process
5/20/2021 4:52:29 PM,Info,HORPAATDT02-unattended,03.Process.Main,TISCONETDEV\RPAATDT02SVC,03.Process.Main()-Step=> 5.Process - Finished
5/20/2021 4:52:29 PM,Info,HORPAATDT02-unattended,03.Process.Main,TISCONETDEV\RPAATDT02SVC,"TISCO-Lib-Collab-Email-Notify-Step=> Start , isDev=> False , Version=>1.0.2"
5/20/2021 4:52:31 PM,Info,HORPAATDT02-unattended,03.Process.Main,TISCONETDEV\RPAATDT02SVC,"TISCO-Lib-Collab-Mail-Template=>224_2 - Success ,ReqGuid=> 23304557-5978-4018-a717-02148f29d85d reqGuid ,Result return Body=> {""meta"":{""response_ref"":""{{$guid}}"",""response_desc"":""Success"",""response_code"":""20000"",""response_datetime"":""20-05-2021 16:52:36""}}"
5/20/2021 4:52:31 PM,Info,HORPAATDT02-unattended,03.Process.Main,TISCONETDEV\RPAATDT02SVC,03.Process.Main()-Step=> 6. Finished Process Notify - Finished
5/20/2021 4:52:31 PM,Info,HORPAATDT02-unattended,03.Process.Main,TISCONETDEV\RPAATDT02SVC,TISCO.Lib.AS400CloseConnection- Start
5/20/2021 4:52:31 PM,Info,HORPAATDT02-unattended,03.Process.Main,TISCONETDEV\RPAATDT02SVC,TISCO.Lib.AS400CloseConnection- Finished
5/20/2021 4:52:31 PM,Info,HORPAATDT02-unattended,03.Process.Main,TISCONETDEV\RPAATDT02SVC,03.Process.Main()-Step=> 7. Close All Program - Finished
5/20/2021 4:52:31 PM,Info,HORPAATDT02-unattended,03.Process.Main,TISCONETDEV\RPAATDT02SVC,03.Process.Main execution ended
5/20/2021 5:05:49 PM,Info,HORPAATDT02-unattended,03.Process.Main,TISCONETDEV\RPAATDT02SVC,03.Process.Main execution started
5/20/2021 5:05:52 PM,Info,HORPAATDT02-unattended,03.Process.Main,TISCONETDEV\RPAATDT02SVC,"03.Process.Main()-Step=> 1.Initial Variables , isDev=> False , Version=>1.0.0.1 , Machine=>HORPAATDT02"
5/20/2021 5:05:53 PM,Info,HORPAATDT02-unattended,03.Process.Main,TISCONETDEV\RPAATDT02SVC,03.Process.Main-Step=> Find Robot Seq - ProcessRobotSeq=> 1
5/20/2021 5:05:53 PM,Info,HORPAATDT02-unattended,03.Process.Main,TISCONETDEV\RPAATDT02SVC,03.Process.Main()-Step=> Find Robot Seq - Finished
5/20/2021 5:05:53 PM,Info,HORPAATDT02-unattended,03.Process.Main,TISCONETDEV\RPAATDT02SVC,"TISCO-Lib-Collab-Email-Notify-Step=> Start , isDev=> False , Version=>1.0.2"
5/20/2021 5:05:56 PM,Info,HORPAATDT02-unattended,03.Process.Main,TISCONETDEV\RPAATDT02SVC,"TISCO-Lib-Collab-Mail-Template=>224_2 - Success ,ReqGuid=> 6957c1fd-4f77-4611-a37e-2c79cf7abdfb reqGuid ,Result return Body=> {""meta"":{""response_desc"":""Success"",""response_code"":""20000"",""response_ref"":""{{$guid}}"",""response_datetime"":""20-05-2021 17:06:01""}}"
5/20/2021 5:05:56 PM,Info,HORPAATDT02-unattended,03.Process.Main,TISCONETDEV\RPAATDT02SVC,03.Process.Main()-Step=> 3.Start Process Notify - Finished
5/20/2021 5:05:59 PM,Info,HORPAATDT02-unattended,03.Process.Main,TISCONETDEV\RPAATDT02SVC,"Thursday, 20 May 2021 : 17:05:59 :  Already_Kill_All_Process *** Flow1-Hiway ***"
5/20/2021 5:06:04 PM,Info,HORPAATDT02-unattended,03.Process.Main,TISCONETDEV\RPAATDT02SVC,Flow 3 - Hiway :End step Unmap DriveGo to end process flow 3
5/20/2021 5:06:04 PM,Info,HORPAATDT02-unattended,03.Process.Main,TISCONETDEV\RPAATDT02SVC,F3 : Start Map Drive
5/20/2021 5:06:11 PM,Info,HORPAATDT02-unattended,03.Process.Main,TISCONETDEV\RPAATDT02SVC,F3 : Found File HR (TEMP)
5/20/2021 5:06:11 PM,Info,HORPAATDT02-unattended,03.Process.Main,TISCONETDEV\RPAATDT02SVC,F3 : Found File HR (Main)
5/20/2021 5:06:14 PM,Info,HORPAATDT02-unattended,03.Process.Main,TISCONETDEV\RPAATDT02SVC,output Get_user AD Tiscogroup has Success
5/20/2021 5:06:18 PM,Error,HORPAATDT02-unattended,03.Process.Main,TISCONETDEV\RPAATDT02SVC,"Attach Window 'et.exe  File Conversion': Could not load file or assembly 'UiPath.Interop, Version=0.3.2.0, Culture=neutral, PublicKeyToken=461894da7f0ba157' or one of its dependencies. The system cannot find the file specified."
5/20/2021 5:06:18 PM,Info,HORPAATDT02-unattended,03.Process.Main,TISCONETDEV\RPAATDT02SVC,End Process Flow3 -- Finish Process
5/20/2021 5:06:18 PM,Info,HORPAATDT02-unattended,03.Process.Main,TISCONETDEV\RPAATDT02SVC,03.Process.Main()-Step=> 5.Process - Finished
5/20/2021 5:06:18 PM,Info,HORPAATDT02-unattended,03.Process.Main,TISCONETDEV\RPAATDT02SVC,"TISCO-Lib-Collab-Email-Notify-Step=> Start , isDev=> False , Version=>1.0.2"
5/20/2021 5:06:20 PM,Info,HORPAATDT02-unattended,03.Process.Main,TISCONETDEV\RPAATDT02SVC,"TISCO-Lib-Collab-Mail-Template=>224_2 - Success ,ReqGuid=> 16f821ae-e173-4a10-a6e3-326f58711ce9 reqGuid ,Result return Body=> {""meta"":{""response_desc"":""Success"",""response_code"":""20000"",""response_ref"":""{{$guid}}"",""response_datetime"":""20-05-2021 17:06:25""}}"
5/20/2021 5:06:20 PM,Info,HORPAATDT02-unattended,03.Process.Main,TISCONETDEV\RPAATDT02SVC,03.Process.Main()-Step=> 6. Finished Process Notify - Finished
5/20/2021 5:06:20 PM,Info,HORPAATDT02-unattended,03.Process.Main,TISCONETDEV\RPAATDT02SVC,TISCO.Lib.AS400CloseConnection- Start
5/20/2021 5:06:20 PM,Info,HORPAATDT02-unattended,03.Process.Main,TISCONETDEV\RPAATDT02SVC,TISCO.Lib.AS400CloseConnection- Finished
5/20/2021 5:06:20 PM,Info,HORPAATDT02-unattended,03.Process.Main,TISCONETDEV\RPAATDT02SVC,03.Process.Main()-Step=> 7. Close All Program - Finished
5/20/2021 5:06:20 PM,Info,HORPAATDT02-unattended,03.Process.Main,TISCONETDEV\RPAATDT02SVC,03.Process.Main execution ended
5/20/2021 5:19:13 PM,Info,HORPAATDT02-unattended,03.Process.Main,TISCONETDEV\RPAATDT02SVC,03.Process.Main execution started
5/20/2021 5:19:16 PM,Info,HORPAATDT02-unattended,03.Process.Main,TISCONETDEV\RPAATDT02SVC,"03.Process.Main()-Step=> 1.Initial Variables , isDev=> False , Version=>1.0.0.1 , Machine=>HORPAATDT02"
5/20/2021 5:19:17 PM,Info,HORPAATDT02-unattended,03.Process.Main,TISCONETDEV\RPAATDT02SVC,03.Process.Main-Step=> Find Robot Seq - ProcessRobotSeq=> 1
5/20/2021 5:19:17 PM,Info,HORPAATDT02-unattended,03.Process.Main,TISCONETDEV\RPAATDT02SVC,03.Process.Main()-Step=> Find Robot Seq - Finished
5/20/2021 5:19:17 PM,Info,HORPAATDT02-unattended,03.Process.Main,TISCONETDEV\RPAATDT02SVC,"TISCO-Lib-Collab-Email-Notify-Step=> Start , isDev=> False , Version=>1.0.2"
5/20/2021 5:19:20 PM,Info,HORPAATDT02-unattended,03.Process.Main,TISCONETDEV\RPAATDT02SVC,"TISCO-Lib-Collab-Mail-Template=>224_2 - Success ,ReqGuid=> 146aad68-d227-4278-bd9c-e37460f57b06 reqGuid ,Result return Body=> {""meta"":{""response_desc"":""Success"",""response_code"":""20000"",""response_ref"":""{{$guid}}"",""response_datetime"":""20-05-2021 17:19:25""}}"
5/20/2021 5:19:20 PM,Info,HORPAATDT02-unattended,03.Process.Main,TISCONETDEV\RPAATDT02SVC,03.Process.Main()-Step=> 3.Start Process Notify - Finished
5/20/2021 5:19:23 PM,Info,HORPAATDT02-unattended,03.Process.Main,TISCONETDEV\RPAATDT02SVC,"Thursday, 20 May 2021 : 17:19:23 :  Already_Kill_All_Process *** Flow1-Hiway ***"
5/20/2021 5:19:28 PM,Info,HORPAATDT02-unattended,03.Process.Main,TISCONETDEV\RPAATDT02SVC,Flow 3 - Hiway :End step Unmap DriveGo to end process flow 3
5/20/2021 5:19:28 PM,Info,HORPAATDT02-unattended,03.Process.Main,TISCONETDEV\RPAATDT02SVC,F3 : Start Map Drive
5/20/2021 5:19:35 PM,Info,HORPAATDT02-unattended,03.Process.Main,TISCONETDEV\RPAATDT02SVC,F3 : Found File HR (TEMP)
5/20/2021 5:19:35 PM,Info,HORPAATDT02-unattended,03.Process.Main,TISCONETDEV\RPAATDT02SVC,F3 : Found File HR (Main)
5/20/2021 5:19:38 PM,Info,HORPAATDT02-unattended,03.Process.Main,TISCONETDEV\RPAATDT02SVC,output Get_user AD Tiscogroup has Success
5/20/2021 5:19:44 PM,Error,HORPAATDT02-unattended,03.Process.Main,TISCONETDEV\RPAATDT02SVC,Send Hotkey 'client': One or more errors occurred.
5/20/2021 5:19:44 PM,Info,HORPAATDT02-unattended,03.Process.Main,TISCONETDEV\RPAATDT02SVC,End Process Flow3 -- Finish Process
5/20/2021 5:19:44 PM,Info,HORPAATDT02-unattended,03.Process.Main,TISCONETDEV\RPAATDT02SVC,03.Process.Main()-Step=> 5.Process - Finished
5/20/2021 5:19:44 PM,Info,HORPAATDT02-unattended,03.Process.Main,TISCONETDEV\RPAATDT02SVC,"TISCO-Lib-Collab-Email-Notify-Step=> Start , isDev=> False , Version=>1.0.2"
5/20/2021 5:19:48 PM,Info,HORPAATDT02-unattended,03.Process.Main,TISCONETDEV\RPAATDT02SVC,"TISCO-Lib-Collab-Mail-Template=>224_2 - Success ,ReqGuid=> 2265f343-1d98-487a-a44b-de1612ae70d1 reqGuid ,Result return Body=> {""meta"":{""response_ref"":""{{$guid}}"",""response_desc"":""Success"",""response_code"":""20000"",""response_datetime"":""20-05-2021 17:19:53""}}"
5/20/2021 5:19:48 PM,Info,HORPAATDT02-unattended,03.Process.Main,TISCONETDEV\RPAATDT02SVC,03.Process.Main()-Step=> 6. Finished Process Notify - Finished
5/20/2021 5:19:48 PM,Info,HORPAATDT02-unattended,03.Process.Main,TISCONETDEV\RPAATDT02SVC,TISCO.Lib.AS400CloseConnection- Start
5/20/2021 5:19:48 PM,Info,HORPAATDT02-unattended,03.Process.Main,TISCONETDEV\RPAATDT02SVC,TISCO.Lib.AS400CloseConnection- Finished
5/20/2021 5:19:48 PM,Info,HORPAATDT02-unattended,03.Process.Main,TISCONETDEV\RPAATDT02SVC,03.Process.Main()-Step=> 7. Close All Program - Finished
5/20/2021 5:19:48 PM,Info,HORPAATDT02-unattended,03.Process.Main,TISCONETDEV\RPAATDT02SVC,03.Process.Main execution ended
5/20/2021 5:20:41 PM,Info,HORPAATDT02-unattended,03.Process.Main,TISCONETDEV\RPAATDT02SVC,03.Process.Main execution started
5/20/2021 5:20:44 PM,Info,HORPAATDT02-unattended,03.Process.Main,TISCONETDEV\RPAATDT02SVC,"03.Process.Main()-Step=> 1.Initial Variables , isDev=> False , Version=>1.0.0.1 , Machine=>HORPAATDT02"
5/20/2021 5:20:44 PM,Info,HORPAATDT02-unattended,03.Process.Main,TISCONETDEV\RPAATDT02SVC,03.Process.Main-Step=> Find Robot Seq - ProcessRobotSeq=> 1
5/20/2021 5:20:44 PM,Info,HORPAATDT02-unattended,03.Process.Main,TISCONETDEV\RPAATDT02SVC,03.Process.Main()-Step=> Find Robot Seq - Finished
5/20/2021 5:20:44 PM,Info,HORPAATDT02-unattended,03.Process.Main,TISCONETDEV\RPAATDT02SVC,"TISCO-Lib-Collab-Email-Notify-Step=> Start , isDev=> False , Version=>1.0.2"
5/20/2021 5:20:49 PM,Info,HORPAATDT02-unattended,03.Process.Main,TISCONETDEV\RPAATDT02SVC,"TISCO-Lib-Collab-Mail-Template=>224_2 - Success ,ReqGuid=> 4efd0788-cd7e-4ad6-ab7f-ed51d97b2c81 reqGuid ,Result return Body=> {""meta"":{""response_ref"":""{{$guid}}"",""response_desc"":""Success"",""response_datetime"":""20-05-2021 17:20:54"",""response_code"":""20000""}}"
5/20/2021 5:20:49 PM,Info,HORPAATDT02-unattended,03.Process.Main,TISCONETDEV\RPAATDT02SVC,03.Process.Main()-Step=> 3.Start Process Notify - Finished
5/20/2021 5:20:51 PM,Info,HORPAATDT02-unattended,03.Process.Main,TISCONETDEV\RPAATDT02SVC,"Thursday, 20 May 2021 : 17:20:51 :  Already_Kill_All_Process *** Flow1-Hiway ***"
5/20/2021 5:20:57 PM,Info,HORPAATDT02-unattended,03.Process.Main,TISCONETDEV\RPAATDT02SVC,Flow 3 - Hiway :End step Unmap DriveGo to end process flow 3
5/20/2021 5:20:57 PM,Info,HORPAATDT02-unattended,03.Process.Main,TISCONETDEV\RPAATDT02SVC,F3 : Start Map Drive
5/20/2021 5:21:04 PM,Info,HORPAATDT02-unattended,03.Process.Main,TISCONETDEV\RPAATDT02SVC,F3 : Found File HR (TEMP)
5/20/2021 5:21:04 PM,Info,HORPAATDT02-unattended,03.Process.Main,TISCONETDEV\RPAATDT02SVC,F3 : Found File HR (Main)
5/20/2021 5:21:07 PM,Info,HORPAATDT02-unattended,03.Process.Main,TISCONETDEV\RPAATDT02SVC,output Get_user AD Tiscogroup has Success
5/20/2021 5:21:13 PM,Error,HORPAATDT02-unattended,03.Process.Main,TISCONETDEV\RPAATDT02SVC,Send Hotkey 'client': One or more errors occurred.
5/20/2021 5:21:13 PM,Info,HORPAATDT02-unattended,03.Process.Main,TISCONETDEV\RPAATDT02SVC,End Process Flow3 -- Finish Process
5/20/2021 5:21:13 PM,Info,HORPAATDT02-unattended,03.Process.Main,TISCONETDEV\RPAATDT02SVC,03.Process.Main()-Step=> 5.Process - Finished
5/20/2021 5:21:13 PM,Info,HORPAATDT02-unattended,03.Process.Main,TISCONETDEV\RPAATDT02SVC,"TISCO-Lib-Collab-Email-Notify-Step=> Start , isDev=> False , Version=>1.0.2"
5/20/2021 5:21:15 PM,Info,HORPAATDT02-unattended,03.Process.Main,TISCONETDEV\RPAATDT02SVC,"TISCO-Lib-Collab-Mail-Template=>224_2 - Success ,ReqGuid=> b20487e6-84b0-4dee-969f-4a1168d6043e reqGuid ,Result return Body=> {""meta"":{""response_datetime"":""20-05-2021 17:21:20"",""response_desc"":""Success"",""response_ref"":""{{$guid}}"",""response_code"":""20000""}}"
5/20/2021 5:21:15 PM,Info,HORPAATDT02-unattended,03.Process.Main,TISCONETDEV\RPAATDT02SVC,03.Process.Main()-Step=> 6. Finished Process Notify - Finished
5/20/2021 5:21:15 PM,Info,HORPAATDT02-unattended,03.Process.Main,TISCONETDEV\RPAATDT02SVC,TISCO.Lib.AS400CloseConnection- Start
5/20/2021 5:21:15 PM,Info,HORPAATDT02-unattended,03.Process.Main,TISCONETDEV\RPAATDT02SVC,TISCO.Lib.AS400CloseConnection- Finished
5/20/2021 5:21:15 PM,Info,HORPAATDT02-unattended,03.Process.Main,TISCONETDEV\RPAATDT02SVC,03.Process.Main()-Step=> 7. Close All Program - Finished
5/20/2021 5:21:15 PM,Info,HORPAATDT02-unattended,03.Process.Main,TISCONETDEV\RPAATDT02SVC,03.Process.Main execution ended
5/20/2021 5:26:29 PM,Info,HORPAATDT02-unattended,03.Process.Main,TISCONETDEV\RPAATDT02SVC,03.Process.Main execution started
5/20/2021 5:26:32 PM,Info,HORPAATDT02-unattended,03.Process.Main,TISCONETDEV\RPAATDT02SVC,"03.Process.Main()-Step=> 1.Initial Variables , isDev=> False , Version=>1.0.0.1 , Machine=>HORPAATDT02"
5/20/2021 5:26:32 PM,Error,HORPAATDT02-unattended,03.Process.Main,TISCONETDEV\RPAATDT02SVC,03.Process.Main-Step=> Find Robot Seq - ProcessRobotSeq Not Found
5/20/2021 5:26:32 PM,Error,HORPAATDT02-unattended,03.Process.Main,TISCONETDEV\RPAATDT02SVC,"03.Process.Main()-Step=> Find Robot Seq  , Error Msg=> ProcessRobotSeq Not Found :    at System.Activities.Statements.Throw.Execute(CodeActivityContext context)
   at System.Activities.CodeActivity.InternalExecute(ActivityInstance instance, ActivityExecutor executor, BookmarkManager bookmarkManager)
   at System.Activities.ActivityInstance.Execute(ActivityExecutor executor, BookmarkManager bookmarkManager)
   at System.Activities.Runtime.ActivityExecutor.ExecuteActivityWorkItem.ExecuteBody(ActivityExecutor executor, BookmarkManager bookmarkManager, Location resultLocation) "
5/20/2021 5:26:32 PM,Info,HORPAATDT02-unattended,03.Process.Main,TISCONETDEV\RPAATDT02SVC,"TISCO-Lib-Collab-Email-Notify-Step=> Start , isDev=> False , Version=>1.0.2"
5/20/2021 5:26:48 PM,Info,HORPAATDT02-unattended,03.Process.Main,TISCONETDEV\RPAATDT02SVC,"TISCO-Lib-Collab-Mail-Template=>224_2 - Success ,ReqGuid=> 6a5b71c3-6a90-4f70-be2f-5d08b1d122d1 reqGuid ,Result return Body=> {""meta"":{""response_datetime"":""20-05-2021 17:26:52"",""response_code"":""20000"",""response_desc"":""Success"",""response_ref"":""{{$guid}}""}}"
5/20/2021 5:26:48 PM,Error,HORPAATDT02-unattended,03.Process.Main,TISCONETDEV\RPAATDT02SVC,Throw: ProcessRobotSeq Not Found
5/20/2021 5:26:48 PM,Info,HORPAATDT02-unattended,03.Process.Main,TISCONETDEV\RPAATDT02SVC,03.Process.Main execution ended
5/20/2021 5:35:38 PM,Info,HORPAATDT01-unattended,03.Process.Main,TISCONETDEV\RPAATDT01SVC,03.Process.Main execution started
5/20/2021 5:35:39 PM,Info,HORPAATDT01-unattended,03.Process.Main,TISCONETDEV\RPAATDT01SVC,03.Process.Main execution ended
5/20/2021 5:36:15 PM,Info,HORPAATDT01-unattended,03.Process.Main,TISCONETDEV\RPAATDT01SVC,03.Process.Main execution started
5/20/2021 5:36:19 PM,Info,HORPAATDT01-unattended,03.Process.Main,TISCONETDEV\RPAATDT01SVC,"03.Process.Main()-Step=> 1.Initial Variables , isDev=> False , Version=>1.0.0.1 , Machine=>HORPAATDT01"
5/20/2021 5:36:20 PM,Info,HORPAATDT01-unattended,03.Process.Main,TISCONETDEV\RPAATDT01SVC,03.Process.Main-Step=> Find Robot Seq - ProcessRobotSeq=> 1
5/20/2021 5:36:20 PM,Info,HORPAATDT01-unattended,03.Process.Main,TISCONETDEV\RPAATDT01SVC,03.Process.Main()-Step=> Find Robot Seq - Finished
5/20/2021 5:36:20 PM,Info,HORPAATDT01-unattended,03.Process.Main,TISCONETDEV\RPAATDT01SVC,"TISCO-Lib-Collab-Email-Notify-Step=> Start , isDev=> False , Version=>1.0.2"
5/20/2021 5:36:23 PM,Info,HORPAATDT01-unattended,03.Process.Main,TISCONETDEV\RPAATDT01SVC,"TISCO-Lib-Collab-Mail-Template=>224_2 - Success ,ReqGuid=> 1d5cd603-a47b-4118-a4a1-7f7ab0d1dbf0 reqGuid ,Result return Body=> {""meta"":{""response_datetime"":""20-05-2021 17:36:28"",""response_desc"":""Success"",""response_ref"":""{{$guid}}"",""response_code"":""20000""}}"
5/20/2021 5:36:23 PM,Info,HORPAATDT01-unattended,03.Process.Main,TISCONETDEV\RPAATDT01SVC,03.Process.Main()-Step=> 3.Start Process Notify - Finished
5/20/2021 5:36:26 PM,Info,HORPAATDT01-unattended,03.Process.Main,TISCONETDEV\RPAATDT01SVC,"Thursday, 20 May 2021 : 17:36:26 :  Already_Kill_All_Process *** Flow1-Hiway ***"
5/20/2021 5:36:31 PM,Info,HORPAATDT01-unattended,03.Process.Main,TISCONETDEV\RPAATDT01SVC,Flow 3 - Hiway :End step Unmap DriveGo to end process flow 3
5/20/2021 5:36:31 PM,Info,HORPAATDT01-unattended,03.Process.Main,TISCONETDEV\RPAATDT01SVC,F3 : Start Map Drive
5/20/2021 5:36:32 PM,Info,HORPAATDT01-unattended,03.Process.Main,TISCONETDEV\RPAATDT01SVC,TISCOGROUPDEV\RPA031SVCD
5/20/2021 5:36:32 PM,Info,HORPAATDT01-unattended,03.Process.Main,TISCONETDEV\RPAATDT01SVC,KU2A#5Sbr#8Uzx
5/20/2021 5:36:39 PM,Info,HORPAATDT01-unattended,03.Process.Main,TISCONETDEV\RPAATDT01SVC,20210519
5/20/2021 5:36:39 PM,Info,HORPAATDT01-unattended,03.Process.Main,TISCONETDEV\RPAATDT01SVC,G:\RPA_IT\IUM_PROGRAM_RPA\F3INPUT
5/20/2021 5:36:39 PM,Info,HORPAATDT01-unattended,03.Process.Main,TISCONETDEV\RPAATDT01SVC,G:\RPA_IT\IUM_PROGRAM_RPA\F3INPUT\03-01-2021 (Temp).xls
5/20/2021 5:36:39 PM,Info,HORPAATDT01-unattended,03.Process.Main,TISCONETDEV\RPAATDT01SVC,F3 : Found File HR (TEMP)
5/20/2021 5:36:39 PM,Info,HORPAATDT01-unattended,03.Process.Main,TISCONETDEV\RPAATDT01SVC,G:\RPA_IT\IUM_PROGRAM_RPA\F3INPUT\01-01-2021.xls
5/20/2021 5:36:39 PM,Info,HORPAATDT01-unattended,03.Process.Main,TISCONETDEV\RPAATDT01SVC,F3 : Found File HR (Main)
5/20/2021 5:37:49 PM,Info,HORPAATDT01-unattended,03.Process.Main,TISCONETDEV\RPAATDT01SVC,output Get_user AD Tiscogroup has Success
5/20/2021 5:37:49 PM,Info,HORPAATDT01-unattended,03.Process.Main,TISCONETDEV\RPAATDT01SVC,G:\RPA_IT\IUM_PROGRAM_RPA\F3OUTPUT\Result_GetUserad.csv
5/20/2021 5:37:55 PM,Error,HORPAATDT01-unattended,03.Process.Main,TISCONETDEV\RPAATDT01SVC,Send Hotkey 'client': One or more errors occurred.
5/20/2021 5:37:55 PM,Info,HORPAATDT01-unattended,03.Process.Main,TISCONETDEV\RPAATDT01SVC,End Process Flow3 -- Finish Process
5/20/2021 5:37:55 PM,Info,HORPAATDT01-unattended,03.Process.Main,TISCONETDEV\RPAATDT01SVC,Start Delay
5/20/2021 5:37:55 PM,Info,HORPAATDT01-unattended,03.Process.Main,TISCONETDEV\RPAATDT01SVC,03.Process.Main()-Step=> 5.Process - Finished
5/20/2021 5:37:55 PM,Info,HORPAATDT01-unattended,03.Process.Main,TISCONETDEV\RPAATDT01SVC,"TISCO-Lib-Collab-Email-Notify-Step=> Start , isDev=> False , Version=>1.0.2"
5/20/2021 5:37:57 PM,Info,HORPAATDT01-unattended,03.Process.Main,TISCONETDEV\RPAATDT01SVC,"TISCO-Lib-Collab-Mail-Template=>224_2 - Success ,ReqGuid=> 376e03c6-9097-4efc-b872-a060baa57f72 reqGuid ,Result return Body=> {""meta"":{""response_datetime"":""20-05-2021 17:38:02"",""response_desc"":""Success"",""response_ref"":""{{$guid}}"",""response_code"":""20000""}}"
5/20/2021 5:37:57 PM,Info,HORPAATDT01-unattended,03.Process.Main,TISCONETDEV\RPAATDT01SVC,03.Process.Main()-Step=> 6. Finished Process Notify - Finished
5/20/2021 5:37:57 PM,Info,HORPAATDT01-unattended,03.Process.Main,TISCONETDEV\RPAATDT01SVC,TISCO.Lib.AS400CloseConnection- Start
5/20/2021 5:37:57 PM,Info,HORPAATDT01-unattended,03.Process.Main,TISCONETDEV\RPAATDT01SVC,TISCO.Lib.AS400CloseConnection- Finished
5/20/2021 5:37:57 PM,Info,HORPAATDT01-unattended,03.Process.Main,TISCONETDEV\RPAATDT01SVC,03.Process.Main()-Step=> 7. Close All Program - Finished
5/20/2021 5:37:57 PM,Info,HORPAATDT01-unattended,03.Process.Main,TISCONETDEV\RPAATDT01SVC,03.Process.Main execution ended
5/20/2021 5:41:48 PM,Info,HORPAATDT01-unattended,03.Process.Main,TISCONETDEV\RPAATDT01SVC,03.Process.Main execution started
5/20/2021 5:41:51 PM,Info,HORPAATDT01-unattended,03.Process.Main,TISCONETDEV\RPAATDT01SVC,"03.Process.Main()-Step=> 1.Initial Variables , isDev=> False , Version=>1.0.0.1 , Machine=>HORPAATDT01"
5/20/2021 5:41:51 PM,Info,HORPAATDT01-unattended,03.Process.Main,TISCONETDEV\RPAATDT01SVC,03.Process.Main-Step=> Find Robot Seq - ProcessRobotSeq=> 1
5/20/2021 5:41:51 PM,Info,HORPAATDT01-unattended,03.Process.Main,TISCONETDEV\RPAATDT01SVC,03.Process.Main()-Step=> Find Robot Seq - Finished
5/20/2021 5:41:51 PM,Info,HORPAATDT01-unattended,03.Process.Main,TISCONETDEV\RPAATDT01SVC,"TISCO-Lib-Collab-Email-Notify-Step=> Start , isDev=> False , Version=>1.0.2"
5/20/2021 5:41:58 PM,Info,HORPAATDT01-unattended,03.Process.Main,TISCONETDEV\RPAATDT01SVC,"TISCO-Lib-Collab-Mail-Template=>224_2 - Success ,ReqGuid=> 19cd5e32-4600-4e37-b7e0-f8e99a77d4ab reqGuid ,Result return Body=> {""meta"":{""response_desc"":""Success"",""response_code"":""20000"",""response_ref"":""{{$guid}}"",""response_datetime"":""20-05-2021 17:42:04""}}"
5/20/2021 5:41:58 PM,Info,HORPAATDT01-unattended,03.Process.Main,TISCONETDEV\RPAATDT01SVC,03.Process.Main()-Step=> 3.Start Process Notify - Finished
5/20/2021 5:42:01 PM,Info,HORPAATDT01-unattended,03.Process.Main,TISCONETDEV\RPAATDT01SVC,"Thursday, 20 May 2021 : 17:42:01 :  Already_Kill_All_Process *** Flow1-Hiway ***"
5/20/2021 5:42:07 PM,Info,HORPAATDT01-unattended,03.Process.Main,TISCONETDEV\RPAATDT01SVC,Flow 3 - Hiway :End step Unmap DriveGo to end process flow 3
5/20/2021 5:42:07 PM,Info,HORPAATDT01-unattended,03.Process.Main,TISCONETDEV\RPAATDT01SVC,F3 : Start Map Drive
5/20/2021 5:42:07 PM,Info,HORPAATDT01-unattended,03.Process.Main,TISCONETDEV\RPAATDT01SVC,TISCOGROUPDEV\RPA031SVCD
5/20/2021 5:42:07 PM,Info,HORPAATDT01-unattended,03.Process.Main,TISCONETDEV\RPAATDT01SVC,KU2A#5Sbr#8Uzx
5/20/2021 5:42:14 PM,Info,HORPAATDT01-unattended,03.Process.Main,TISCONETDEV\RPAATDT01SVC,20210519
5/20/2021 5:42:14 PM,Info,HORPAATDT01-unattended,03.Process.Main,TISCONETDEV\RPAATDT01SVC,G:\RPA_IT\IUM_PROGRAM_RPA\F3INPUT
5/20/2021 5:42:14 PM,Info,HORPAATDT01-unattended,03.Process.Main,TISCONETDEV\RPAATDT01SVC,G:\RPA_IT\IUM_PROGRAM_RPA\F3INPUT\03-01-2021 (Temp).xls
5/20/2021 5:42:14 PM,Info,HORPAATDT01-unattended,03.Process.Main,TISCONETDEV\RPAATDT01SVC,F3 : Found File HR (TEMP)
5/20/2021 5:42:14 PM,Info,HORPAATDT01-unattended,03.Process.Main,TISCONETDEV\RPAATDT01SVC,G:\RPA_IT\IUM_PROGRAM_RPA\F3INPUT\01-01-2021.xls
5/20/2021 5:42:14 PM,Info,HORPAATDT01-unattended,03.Process.Main,TISCONETDEV\RPAATDT01SVC,F3 : Found File HR (Main)
5/20/2021 5:43:16 PM,Info,HORPAATDT01-unattended,03.Process.Main,TISCONETDEV\RPAATDT01SVC,output Get_user AD Tiscogroup has Success
5/20/2021 5:43:17 PM,Info,HORPAATDT01-unattended,03.Process.Main,TISCONETDEV\RPAATDT01SVC,G:\RPA_IT\IUM_PROGRAM_RPA\F3OUTPUT\Result_GetUserad.csv
5/20/2021 5:43:22 PM,Error,HORPAATDT01-unattended,03.Process.Main,TISCONETDEV\RPAATDT01SVC,Send Hotkey 'client': One or more errors occurred.
5/20/2021 5:43:22 PM,Info,HORPAATDT01-unattended,03.Process.Main,TISCONETDEV\RPAATDT01SVC,End Process Flow3 -- Finish Process
5/20/2021 5:43:22 PM,Info,HORPAATDT01-unattended,03.Process.Main,TISCONETDEV\RPAATDT01SVC,Start Delay
5/20/2021 5:43:22 PM,Info,HORPAATDT01-unattended,03.Process.Main,TISCONETDEV\RPAATDT01SVC,03.Process.Main()-Step=> 5.Process - Finished
5/20/2021 5:43:22 PM,Info,HORPAATDT01-unattended,03.Process.Main,TISCONETDEV\RPAATDT01SVC,"TISCO-Lib-Collab-Email-Notify-Step=> Start , isDev=> False , Version=>1.0.2"
5/20/2021 5:43:24 PM,Info,HORPAATDT01-unattended,03.Process.Main,TISCONETDEV\RPAATDT01SVC,"TISCO-Lib-Collab-Mail-Template=>224_2 - Success ,ReqGuid=> 4732b3ef-976c-447d-8d26-86f1c7191385 reqGuid ,Result return Body=> {""meta"":{""response_datetime"":""20-05-2021 17:43:29"",""response_code"":""20000"",""response_desc"":""Success"",""response_ref"":""{{$guid}}""}}"
5/20/2021 5:43:24 PM,Info,HORPAATDT01-unattended,03.Process.Main,TISCONETDEV\RPAATDT01SVC,03.Process.Main()-Step=> 6. Finished Process Notify - Finished
5/20/2021 5:43:24 PM,Info,HORPAATDT01-unattended,03.Process.Main,TISCONETDEV\RPAATDT01SVC,TISCO.Lib.AS400CloseConnection- Start
5/20/2021 5:43:24 PM,Info,HORPAATDT01-unattended,03.Process.Main,TISCONETDEV\RPAATDT01SVC,TISCO.Lib.AS400CloseConnection- Finished
5/20/2021 5:43:24 PM,Info,HORPAATDT01-unattended,03.Process.Main,TISCONETDEV\RPAATDT01SVC,03.Process.Main()-Step=> 7. Close All Program - Finished
5/20/2021 5:43:24 PM,Info,HORPAATDT01-unattended,03.Process.Main,TISCONETDEV\RPAATDT01SVC,03.Process.Main execution ended
5/21/2021 10:18:34 AM,Info,HORPAATDT01-unattended,03.Process.Main,TISCONETDEV\RPAATDT01SVC,03.Process.Main execution started
5/21/2021 10:18:37 AM,Info,HORPAATDT01-unattended,03.Process.Main,TISCONETDEV\RPAATDT01SVC,"03.Process.Main()-Step=> 1.Initial Variables , isDev=> False , Version=>1.0.0.1 , Machine=>HORPAATDT01"
5/21/2021 10:18:37 AM,Info,HORPAATDT01-unattended,03.Process.Main,TISCONETDEV\RPAATDT01SVC,03.Process.Main-Step=> Find Robot Seq - ProcessRobotSeq=> 1
5/21/2021 10:18:37 AM,Info,HORPAATDT01-unattended,03.Process.Main,TISCONETDEV\RPAATDT01SVC,03.Process.Main()-Step=> Find Robot Seq - Finished
5/21/2021 10:18:38 AM,Info,HORPAATDT01-unattended,03.Process.Main,TISCONETDEV\RPAATDT01SVC,"TISCO-Lib-Collab-Email-Notify-Step=> Start , isDev=> False , Version=>1.0.2"
5/21/2021 10:18:41 AM,Info,HORPAATDT01-unattended,03.Process.Main,TISCONETDEV\RPAATDT01SVC,"TISCO-Lib-Collab-Mail-Template=>224_2 - Success ,ReqGuid=> a85266a5-c28d-425a-a210-0244d6fe5491 reqGuid ,Result return Body=> {""meta"":{""response_datetime"":""21-05-2021 10:18:47"",""response_desc"":""Success"",""response_ref"":""{{$guid}}"",""response_code"":""20000""}}"
5/21/2021 10:18:41 AM,Info,HORPAATDT01-unattended,03.Process.Main,TISCONETDEV\RPAATDT01SVC,03.Process.Main()-Step=> 3.Start Process Notify - Finished
5/21/2021 10:18:44 AM,Info,HORPAATDT01-unattended,03.Process.Main,TISCONETDEV\RPAATDT01SVC,"Friday, 21 May 2021 : 10:18:44 :  Already_Kill_All_Process *** Flow1-Hiway ***"
5/21/2021 10:18:49 AM,Info,HORPAATDT01-unattended,03.Process.Main,TISCONETDEV\RPAATDT01SVC,Flow 3 - Hiway :End step Unmap DriveGo to end process flow 3
5/21/2021 10:18:49 AM,Info,HORPAATDT01-unattended,03.Process.Main,TISCONETDEV\RPAATDT01SVC,F3 : Start Map Drive
5/21/2021 10:18:49 AM,Info,HORPAATDT01-unattended,03.Process.Main,TISCONETDEV\RPAATDT01SVC,TISCOGROUPDEV\RPA031SVCD
5/21/2021 10:18:49 AM,Info,HORPAATDT01-unattended,03.Process.Main,TISCONETDEV\RPAATDT01SVC,KU2A#5Sbr#8Uzx
5/21/2021 10:18:56 AM,Info,HORPAATDT01-unattended,03.Process.Main,TISCONETDEV\RPAATDT01SVC,20210521
5/21/2021 10:18:56 AM,Info,HORPAATDT01-unattended,03.Process.Main,TISCONETDEV\RPAATDT01SVC,G:\RPA_IT\IUM_PROGRAM_RPA\F3INPUT
5/21/2021 10:18:56 AM,Info,HORPAATDT01-unattended,03.Process.Main,TISCONETDEV\RPAATDT01SVC,G:\RPA_IT\IUM_PROGRAM_RPA\F3INPUT\03-01-2021 (Temp).xls
5/21/2021 10:18:56 AM,Info,HORPAATDT01-unattended,03.Process.Main,TISCONETDEV\RPAATDT01SVC,F3 : Found File HR (TEMP)
5/21/2021 10:18:56 AM,Info,HORPAATDT01-unattended,03.Process.Main,TISCONETDEV\RPAATDT01SVC,G:\RPA_IT\IUM_PROGRAM_RPA\F3INPUT\01-01-2021.xls
5/21/2021 10:18:56 AM,Info,HORPAATDT01-unattended,03.Process.Main,TISCONETDEV\RPAATDT01SVC,F3 : Found File HR (Main)
5/21/2021 10:19:25 AM,Info,HORPAATDT01-unattended,03.Process.Main,TISCONETDEV\RPAATDT01SVC,output Get_user AD Tiscogroup has Success
5/21/2021 10:19:26 AM,Info,HORPAATDT01-unattended,03.Process.Main,TISCONETDEV\RPAATDT01SVC,G:\RPA_IT\IUM_PROGRAM_RPA\F3OUTPUT\Result_GetUserad.csv
5/21/2021 10:19:31 AM,Error,HORPAATDT01-unattended,03.Process.Main,TISCONETDEV\RPAATDT01SVC,Send Hotkey 'client': One or more errors occurred.
5/21/2021 10:19:31 AM,Info,HORPAATDT01-unattended,03.Process.Main,TISCONETDEV\RPAATDT01SVC,End Process Flow3 -- Finish Process
5/21/2021 10:19:31 AM,Info,HORPAATDT01-unattended,03.Process.Main,TISCONETDEV\RPAATDT01SVC,Start Delay
5/21/2021 10:19:31 AM,Info,HORPAATDT01-unattended,03.Process.Main,TISCONETDEV\RPAATDT01SVC,03.Process.Main()-Step=> 5.Process - Finished
5/21/2021 10:19:31 AM,Info,HORPAATDT01-unattended,03.Process.Main,TISCONETDEV\RPAATDT01SVC,"TISCO-Lib-Collab-Email-Notify-Step=> Start , isDev=> False , Version=>1.0.2"
5/21/2021 10:19:33 AM,Info,HORPAATDT01-unattended,03.Process.Main,TISCONETDEV\RPAATDT01SVC,"TISCO-Lib-Collab-Mail-Template=>224_2 - Success ,ReqGuid=> c576cc86-6b14-48b7-80f6-5b1824fadee9 reqGuid ,Result return Body=> {""meta"":{""response_ref"":""{{$guid}}"",""response_desc"":""Success"",""response_code"":""20000"",""response_datetime"":""21-05-2021 10:19:39""}}"
5/21/2021 10:19:33 AM,Info,HORPAATDT01-unattended,03.Process.Main,TISCONETDEV\RPAATDT01SVC,03.Process.Main()-Step=> 6. Finished Process Notify - Finished
5/21/2021 10:19:33 AM,Info,HORPAATDT01-unattended,03.Process.Main,TISCONETDEV\RPAATDT01SVC,TISCO.Lib.AS400CloseConnection- Start
5/21/2021 10:19:33 AM,Info,HORPAATDT01-unattended,03.Process.Main,TISCONETDEV\RPAATDT01SVC,TISCO.Lib.AS400CloseConnection- Finished
5/21/2021 10:19:33 AM,Info,HORPAATDT01-unattended,03.Process.Main,TISCONETDEV\RPAATDT01SVC,03.Process.Main()-Step=> 7. Close All Program - Finished
5/21/2021 10:19:33 AM,Info,HORPAATDT01-unattended,03.Process.Main,TISCONETDEV\RPAATDT01SVC,03.Process.Main execution ended
5/21/2021 10:20:29 AM,Info,HORPAATDT01-unattended,03.Process.Main,TISCONETDEV\RPAATDT01SVC,03.Process.Main execution started
5/21/2021 10:20:32 AM,Info,HORPAATDT01-unattended,03.Process.Main,TISCONETDEV\RPAATDT01SVC,"03.Process.Main()-Step=> 1.Initial Variables , isDev=> False , Version=>1.0.0.1 , Machine=>HORPAATDT01"
5/21/2021 10:20:33 AM,Info,HORPAATDT01-unattended,03.Process.Main,TISCONETDEV\RPAATDT01SVC,03.Process.Main-Step=> Find Robot Seq - ProcessRobotSeq=> 1
5/21/2021 10:20:33 AM,Info,HORPAATDT01-unattended,03.Process.Main,TISCONETDEV\RPAATDT01SVC,03.Process.Main()-Step=> Find Robot Seq - Finished
5/21/2021 10:20:33 AM,Info,HORPAATDT01-unattended,03.Process.Main,TISCONETDEV\RPAATDT01SVC,"TISCO-Lib-Collab-Email-Notify-Step=> Start , isDev=> False , Version=>1.0.2"
5/21/2021 10:20:37 AM,Info,HORPAATDT01-unattended,03.Process.Main,TISCONETDEV\RPAATDT01SVC,"TISCO-Lib-Collab-Mail-Template=>224_2 - Success ,ReqGuid=> 16cbc886-6fe2-4f7b-833c-686492f9a5ed reqGuid ,Result return Body=> {""meta"":{""response_datetime"":""21-05-2021 10:20:43"",""response_code"":""20000"",""response_desc"":""Success"",""response_ref"":""{{$guid}}""}}"
5/21/2021 10:20:37 AM,Info,HORPAATDT01-unattended,03.Process.Main,TISCONETDEV\RPAATDT01SVC,03.Process.Main()-Step=> 3.Start Process Notify - Finished
5/21/2021 10:20:40 AM,Info,HORPAATDT01-unattended,03.Process.Main,TISCONETDEV\RPAATDT01SVC,"Friday, 21 May 2021 : 10:20:40 :  Already_Kill_All_Process *** Flow1-Hiway ***"
5/21/2021 10:20:45 AM,Info,HORPAATDT01-unattended,03.Process.Main,TISCONETDEV\RPAATDT01SVC,Flow 3 - Hiway :End step Unmap DriveGo to end process flow 3
5/21/2021 10:20:45 AM,Info,HORPAATDT01-unattended,03.Process.Main,TISCONETDEV\RPAATDT01SVC,F3 : Start Map Drive
5/21/2021 10:20:45 AM,Info,HORPAATDT01-unattended,03.Process.Main,TISCONETDEV\RPAATDT01SVC,TISCOGROUPDEV\RPA031SVCD
5/21/2021 10:20:45 AM,Info,HORPAATDT01-unattended,03.Process.Main,TISCONETDEV\RPAATDT01SVC,KU2A#5Sbr#8Uzx
5/21/2021 10:20:52 AM,Info,HORPAATDT01-unattended,03.Process.Main,TISCONETDEV\RPAATDT01SVC,20210521
5/21/2021 10:20:52 AM,Info,HORPAATDT01-unattended,03.Process.Main,TISCONETDEV\RPAATDT01SVC,G:\RPA_IT\IUM_PROGRAM_RPA\F3INPUT
5/21/2021 10:20:52 AM,Info,HORPAATDT01-unattended,03.Process.Main,TISCONETDEV\RPAATDT01SVC,G:\RPA_IT\IUM_PROGRAM_RPA\F3INPUT\03-01-2021 (Temp).xls
5/21/2021 10:20:52 AM,Info,HORPAATDT01-unattended,03.Process.Main,TISCONETDEV\RPAATDT01SVC,F3 : Found File HR (TEMP)
5/21/2021 10:20:52 AM,Info,HORPAATDT01-unattended,03.Process.Main,TISCONETDEV\RPAATDT01SVC,G:\RPA_IT\IUM_PROGRAM_RPA\F3INPUT\01-01-2021.xls
5/21/2021 10:20:52 AM,Info,HORPAATDT01-unattended,03.Process.Main,TISCONETDEV\RPAATDT01SVC,F3 : Found File HR (Main)
5/21/2021 10:21:32 AM,Info,HORPAATDT01-unattended,03.Process.Main,TISCONETDEV\RPAATDT01SVC,output Get_user AD Tiscogroup has Success
5/21/2021 10:21:32 AM,Info,HORPAATDT01-unattended,03.Process.Main,TISCONETDEV\RPAATDT01SVC,G:\RPA_IT\IUM_PROGRAM_RPA\F3OUTPUT\Result_GetUserad.csv
5/21/2021 10:21:37 AM,Error,HORPAATDT01-unattended,03.Process.Main,TISCONETDEV\RPAATDT01SVC,Send Hotkey 'client': One or more errors occurred.
5/21/2021 10:21:37 AM,Info,HORPAATDT01-unattended,03.Process.Main,TISCONETDEV\RPAATDT01SVC,End Process Flow3 -- Finish Process
5/21/2021 10:21:37 AM,Info,HORPAATDT01-unattended,03.Process.Main,TISCONETDEV\RPAATDT01SVC,Start Delay
5/21/2021 10:21:37 AM,Info,HORPAATDT01-unattended,03.Process.Main,TISCONETDEV\RPAATDT01SVC,03.Process.Main()-Step=> 5.Process - Finished
5/21/2021 10:21:37 AM,Info,HORPAATDT01-unattended,03.Process.Main,TISCONETDEV\RPAATDT01SVC,"TISCO-Lib-Collab-Email-Notify-Step=> Start , isDev=> False , Version=>1.0.2"
5/21/2021 10:21:39 AM,Info,HORPAATDT01-unattended,03.Process.Main,TISCONETDEV\RPAATDT01SVC,"TISCO-Lib-Collab-Mail-Template=>224_2 - Success ,ReqGuid=> 968a56fb-1680-48eb-b2be-c1d5f4114792 reqGuid ,Result return Body=> {""meta"":{""response_ref"":""{{$guid}}"",""response_desc"":""Success"",""response_code"":""20000"",""response_datetime"":""21-05-2021 10:21:45""}}"
5/21/2021 10:21:39 AM,Info,HORPAATDT01-unattended,03.Process.Main,TISCONETDEV\RPAATDT01SVC,03.Process.Main()-Step=> 6. Finished Process Notify - Finished
5/21/2021 10:21:39 AM,Info,HORPAATDT01-unattended,03.Process.Main,TISCONETDEV\RPAATDT01SVC,TISCO.Lib.AS400CloseConnection- Start
5/21/2021 10:21:39 AM,Info,HORPAATDT01-unattended,03.Process.Main,TISCONETDEV\RPAATDT01SVC,TISCO.Lib.AS400CloseConnection- Finished
5/21/2021 10:21:39 AM,Info,HORPAATDT01-unattended,03.Process.Main,TISCONETDEV\RPAATDT01SVC,03.Process.Main()-Step=> 7. Close All Program - Finished
5/21/2021 10:21:39 AM,Info,HORPAATDT01-unattended,03.Process.Main,TISCONETDEV\RPAATDT01SVC,03.Process.Main execution ended
5/21/2021 10:33:42 AM,Info,HORPAATDT01-unattended,03.Process.Main,TISCONETDEV\RPAATDT01SVC,03.Process.Main execution started
5/21/2021 10:33:46 AM,Info,HORPAATDT01-unattended,03.Process.Main,TISCONETDEV\RPAATDT01SVC,"03.Process.Main()-Step=> 1.Initial Variables , isDev=> False , Version=>1.0.0.1 , Machine=>HORPAATDT01"
5/21/2021 10:33:47 AM,Info,HORPAATDT01-unattended,03.Process.Main,TISCONETDEV\RPAATDT01SVC,03.Process.Main-Step=> Find Robot Seq - ProcessRobotSeq=> 1
5/21/2021 10:33:47 AM,Info,HORPAATDT01-unattended,03.Process.Main,TISCONETDEV\RPAATDT01SVC,03.Process.Main()-Step=> Find Robot Seq - Finished
5/21/2021 10:33:47 AM,Info,HORPAATDT01-unattended,03.Process.Main,TISCONETDEV\RPAATDT01SVC,"TISCO-Lib-Collab-Email-Notify-Step=> Start , isDev=> False , Version=>1.0.2"
5/21/2021 10:33:51 AM,Info,HORPAATDT01-unattended,03.Process.Main,TISCONETDEV\RPAATDT01SVC,"TISCO-Lib-Collab-Mail-Template=>224_2 - Success ,ReqGuid=> ed9f5836-16e8-452e-96cd-a415a4780bde reqGuid ,Result return Body=> {""meta"":{""response_desc"":""Success"",""response_code"":""20000"",""response_ref"":""{{$guid}}"",""response_datetime"":""21-05-2021 10:33:57""}}"
5/21/2021 10:33:51 AM,Info,HORPAATDT01-unattended,03.Process.Main,TISCONETDEV\RPAATDT01SVC,03.Process.Main()-Step=> 3.Start Process Notify - Finished
5/21/2021 10:33:54 AM,Info,HORPAATDT01-unattended,03.Process.Main,TISCONETDEV\RPAATDT01SVC,"Friday, 21 May 2021 : 10:33:54 :  Already_Kill_All_Process *** Flow1-Hiway ***"
5/21/2021 10:33:59 AM,Info,HORPAATDT01-unattended,03.Process.Main,TISCONETDEV\RPAATDT01SVC,Flow 3 - Hiway :End step Unmap DriveGo to end process flow 3
5/21/2021 10:33:59 AM,Info,HORPAATDT01-unattended,03.Process.Main,TISCONETDEV\RPAATDT01SVC,F3 : Start Map Drive
5/21/2021 10:33:59 AM,Info,HORPAATDT01-unattended,03.Process.Main,TISCONETDEV\RPAATDT01SVC,TISCOGROUPDEV\RPA031SVCD
5/21/2021 10:33:59 AM,Info,HORPAATDT01-unattended,03.Process.Main,TISCONETDEV\RPAATDT01SVC,KU2A#5Sbr#8Uzx
5/21/2021 10:34:06 AM,Info,HORPAATDT01-unattended,03.Process.Main,TISCONETDEV\RPAATDT01SVC,20210521
5/21/2021 10:34:06 AM,Info,HORPAATDT01-unattended,03.Process.Main,TISCONETDEV\RPAATDT01SVC,G:\RPA_IT\IUM_PROGRAM_RPA\F3INPUT
5/21/2021 10:34:06 AM,Info,HORPAATDT01-unattended,03.Process.Main,TISCONETDEV\RPAATDT01SVC,G:\RPA_IT\IUM_PROGRAM_RPA\F3INPUT\03-01-2021 (Temp).xls
5/21/2021 10:34:06 AM,Info,HORPAATDT01-unattended,03.Process.Main,TISCONETDEV\RPAATDT01SVC,F3 : Found File HR (TEMP)
5/21/2021 10:34:06 AM,Info,HORPAATDT01-unattended,03.Process.Main,TISCONETDEV\RPAATDT01SVC,G:\RPA_IT\IUM_PROGRAM_RPA\F3INPUT\01-01-2021.xls
5/21/2021 10:34:06 AM,Info,HORPAATDT01-unattended,03.Process.Main,TISCONETDEV\RPAATDT01SVC,F3 : Found File HR (Main)
5/21/2021 10:34:33 AM,Info,HORPAATDT01-unattended,03.Process.Main,TISCONETDEV\RPAATDT01SVC,output Get_user AD Tiscogroup has Success
5/21/2021 10:34:33 AM,Info,HORPAATDT01-unattended,03.Process.Main,TISCONETDEV\RPAATDT01SVC,G:\RPA_IT\IUM_PROGRAM_RPA\F3OUTPUT\Result_GetUserad.csv
5/21/2021 10:34:38 AM,Error,HORPAATDT01-unattended,03.Process.Main,TISCONETDEV\RPAATDT01SVC,Send Hotkey 'client': One or more errors occurred.
5/21/2021 10:34:38 AM,Info,HORPAATDT01-unattended,03.Process.Main,TISCONETDEV\RPAATDT01SVC,End Process Flow3 -- Finish Process
5/21/2021 10:34:38 AM,Info,HORPAATDT01-unattended,03.Process.Main,TISCONETDEV\RPAATDT01SVC,Start Delay
5/21/2021 10:34:38 AM,Info,HORPAATDT01-unattended,03.Process.Main,TISCONETDEV\RPAATDT01SVC,03.Process.Main()-Step=> 5.Process - Finished
5/21/2021 10:34:38 AM,Info,HORPAATDT01-unattended,03.Process.Main,TISCONETDEV\RPAATDT01SVC,"TISCO-Lib-Collab-Email-Notify-Step=> Start , isDev=> False , Version=>1.0.2"
5/21/2021 10:34:40 AM,Info,HORPAATDT01-unattended,03.Process.Main,TISCONETDEV\RPAATDT01SVC,"TISCO-Lib-Collab-Mail-Template=>224_2 - Success ,ReqGuid=> 04ba2ca0-b281-4690-889e-e39329f548eb reqGuid ,Result return Body=> {""meta"":{""response_datetime"":""21-05-2021 10:34:46"",""response_desc"":""Success"",""response_ref"":""{{$guid}}"",""response_code"":""20000""}}"
5/21/2021 10:34:40 AM,Info,HORPAATDT01-unattended,03.Process.Main,TISCONETDEV\RPAATDT01SVC,03.Process.Main()-Step=> 6. Finished Process Notify - Finished
5/21/2021 10:34:40 AM,Info,HORPAATDT01-unattended,03.Process.Main,TISCONETDEV\RPAATDT01SVC,TISCO.Lib.AS400CloseConnection- Start
5/21/2021 10:34:40 AM,Info,HORPAATDT01-unattended,03.Process.Main,TISCONETDEV\RPAATDT01SVC,TISCO.Lib.AS400CloseConnection- Finished
5/21/2021 10:34:40 AM,Info,HORPAATDT01-unattended,03.Process.Main,TISCONETDEV\RPAATDT01SVC,03.Process.Main()-Step=> 7. Close All Program - Finished
5/21/2021 10:34:40 AM,Info,HORPAATDT01-unattended,03.Process.Main,TISCONETDEV\RPAATDT01SVC,03.Process.Main execution ended
5/21/2021 10:39:47 AM,Info,HORPAATDT01-unattended,03.Process.Main,TISCONETDEV\RPAATDT01SVC,03.Process.Main execution started
5/21/2021 10:39:51 AM,Info,HORPAATDT01-unattended,03.Process.Main,TISCONETDEV\RPAATDT01SVC,"03.Process.Main()-Step=> 1.Initial Variables , isDev=> False , Version=>1.0.0.1 , Machine=>HORPAATDT01"
5/21/2021 10:39:51 AM,Info,HORPAATDT01-unattended,03.Process.Main,TISCONETDEV\RPAATDT01SVC,03.Process.Main-Step=> Find Robot Seq - ProcessRobotSeq=> 1
5/21/2021 10:39:51 AM,Info,HORPAATDT01-unattended,03.Process.Main,TISCONETDEV\RPAATDT01SVC,03.Process.Main()-Step=> Find Robot Seq - Finished
5/21/2021 10:39:51 AM,Info,HORPAATDT01-unattended,03.Process.Main,TISCONETDEV\RPAATDT01SVC,"TISCO-Lib-Collab-Email-Notify-Step=> Start , isDev=> False , Version=>1.0.2"
5/21/2021 10:39:55 AM,Info,HORPAATDT01-unattended,03.Process.Main,TISCONETDEV\RPAATDT01SVC,"TISCO-Lib-Collab-Mail-Template=>224_2 - Success ,ReqGuid=> bff8c9e1-cb13-4de8-88cf-fbf7afe1da43 reqGuid ,Result return Body=> {""meta"":{""response_ref"":""{{$guid}}"",""response_desc"":""Success"",""response_datetime"":""21-05-2021 10:40:01"",""response_code"":""20000""}}"
5/21/2021 10:39:55 AM,Info,HORPAATDT01-unattended,03.Process.Main,TISCONETDEV\RPAATDT01SVC,03.Process.Main()-Step=> 3.Start Process Notify - Finished
5/21/2021 10:39:58 AM,Info,HORPAATDT01-unattended,03.Process.Main,TISCONETDEV\RPAATDT01SVC,"Friday, 21 May 2021 : 10:39:58 :  Already_Kill_All_Process *** Flow1-Hiway ***"
5/21/2021 10:40:06 AM,Info,HORPAATDT01-unattended,03.Process.Main,TISCONETDEV\RPAATDT01SVC,Flow 3 - Hiway :End step Unmap DriveGo to end process flow 3
5/21/2021 10:40:06 AM,Info,HORPAATDT01-unattended,03.Process.Main,TISCONETDEV\RPAATDT01SVC,F3 : Start Map Drive
5/21/2021 10:40:06 AM,Info,HORPAATDT01-unattended,03.Process.Main,TISCONETDEV\RPAATDT01SVC,TISCOGROUPDEV\RPA031SVCD
5/21/2021 10:40:06 AM,Info,HORPAATDT01-unattended,03.Process.Main,TISCONETDEV\RPAATDT01SVC,KU2A#5Sbr#8Uzx
5/21/2021 10:40:13 AM,Info,HORPAATDT01-unattended,03.Process.Main,TISCONETDEV\RPAATDT01SVC,20210521
5/21/2021 10:40:13 AM,Info,HORPAATDT01-unattended,03.Process.Main,TISCONETDEV\RPAATDT01SVC,G:\RPA_IT\IUM_PROGRAM_RPA\F3INPUT
5/21/2021 10:40:13 AM,Info,HORPAATDT01-unattended,03.Process.Main,TISCONETDEV\RPAATDT01SVC,G:\RPA_IT\IUM_PROGRAM_RPA\F3INPUT\03-01-2021 (Temp).xls
5/21/2021 10:40:13 AM,Info,HORPAATDT01-unattended,03.Process.Main,TISCONETDEV\RPAATDT01SVC,F3 : Found File HR (TEMP)
5/21/2021 10:40:13 AM,Info,HORPAATDT01-unattended,03.Process.Main,TISCONETDEV\RPAATDT01SVC,G:\RPA_IT\IUM_PROGRAM_RPA\F3INPUT\01-01-2021.xls
5/21/2021 10:40:13 AM,Info,HORPAATDT01-unattended,03.Process.Main,TISCONETDEV\RPAATDT01SVC,F3 : Found File HR (Main)
5/21/2021 10:40:55 AM,Info,HORPAATDT01-unattended,03.Process.Main,TISCONETDEV\RPAATDT01SVC,output Get_user AD Tiscogroup has Success
5/21/2021 10:40:55 AM,Info,HORPAATDT01-unattended,03.Process.Main,TISCONETDEV\RPAATDT01SVC,G:\RPA_IT\IUM_PROGRAM_RPA\F3OUTPUT\Result_GetUserad.csv
5/21/2021 10:41:00 AM,Error,HORPAATDT01-unattended,03.Process.Main,TISCONETDEV\RPAATDT01SVC,Send Hotkey 'client': One or more errors occurred.
5/21/2021 10:41:00 AM,Info,HORPAATDT01-unattended,03.Process.Main,TISCONETDEV\RPAATDT01SVC,End Process Flow3 -- Finish Process
5/21/2021 10:41:00 AM,Info,HORPAATDT01-unattended,03.Process.Main,TISCONETDEV\RPAATDT01SVC,Start Delay
5/21/2021 10:41:00 AM,Info,HORPAATDT01-unattended,03.Process.Main,TISCONETDEV\RPAATDT01SVC,03.Process.Main()-Step=> 5.Process - Finished
5/21/2021 10:41:00 AM,Info,HORPAATDT01-unattended,03.Process.Main,TISCONETDEV\RPAATDT01SVC,"TISCO-Lib-Collab-Email-Notify-Step=> Start , isDev=> False , Version=>1.0.2"
5/21/2021 10:41:03 AM,Info,HORPAATDT01-unattended,03.Process.Main,TISCONETDEV\RPAATDT01SVC,"TISCO-Lib-Collab-Mail-Template=>224_2 - Success ,ReqGuid=> 11a65a77-bdb1-4e7e-8686-cb71cbe52a2b reqGuid ,Result return Body=> {""meta"":{""response_datetime"":""21-05-2021 10:41:08"",""response_desc"":""Success"",""response_ref"":""{{$guid}}"",""response_code"":""20000""}}"
5/21/2021 10:41:03 AM,Info,HORPAATDT01-unattended,03.Process.Main,TISCONETDEV\RPAATDT01SVC,03.Process.Main()-Step=> 6. Finished Process Notify - Finished
5/21/2021 10:41:03 AM,Info,HORPAATDT01-unattended,03.Process.Main,TISCONETDEV\RPAATDT01SVC,TISCO.Lib.AS400CloseConnection- Start
5/21/2021 10:41:03 AM,Info,HORPAATDT01-unattended,03.Process.Main,TISCONETDEV\RPAATDT01SVC,TISCO.Lib.AS400CloseConnection- Finished
5/21/2021 10:41:03 AM,Info,HORPAATDT01-unattended,03.Process.Main,TISCONETDEV\RPAATDT01SVC,03.Process.Main()-Step=> 7. Close All Program - Finished
5/21/2021 10:41:03 AM,Info,HORPAATDT01-unattended,03.Process.Main,TISCONETDEV\RPAATDT01SVC,03.Process.Main execution ended
5/21/2021 4:54:20 PM,Info,HORPAATDT01-unattended,03.Process.Main,TISCONETDEV\RPAATDT01SVC,03.Process.Main execution started
5/21/2021 4:54:23 PM,Info,HORPAATDT01-unattended,03.Process.Main,TISCONETDEV\RPAATDT01SVC,"03.Process.Main()-Step=> 1.Initial Variables , isDev=> False , Version=>1.0.0.1 , Machine=>HORPAATDT01"
5/21/2021 4:54:24 PM,Info,HORPAATDT01-unattended,03.Process.Main,TISCONETDEV\RPAATDT01SVC,03.Process.Main-Step=> Find Robot Seq - ProcessRobotSeq=> 1
5/21/2021 4:54:24 PM,Info,HORPAATDT01-unattended,03.Process.Main,TISCONETDEV\RPAATDT01SVC,03.Process.Main()-Step=> Find Robot Seq - Finished
5/21/2021 4:54:24 PM,Info,HORPAATDT01-unattended,03.Process.Main,TISCONETDEV\RPAATDT01SVC,"TISCO-Lib-Collab-Email-Notify-Step=> Start , isDev=> False , Version=>1.0.2"
5/21/2021 4:54:27 PM,Info,HORPAATDT01-unattended,03.Process.Main,TISCONETDEV\RPAATDT01SVC,"TISCO-Lib-Collab-Mail-Template=>224_2 - Success ,ReqGuid=> 5ec7fb72-02d6-4116-bd65-c8651fd17d33 reqGuid ,Result return Body=> {""meta"":{""response_datetime"":""21-05-2021 16:54:33"",""response_code"":""20000"",""response_desc"":""Success"",""response_ref"":""{{$guid}}""}}"
5/21/2021 4:54:27 PM,Info,HORPAATDT01-unattended,03.Process.Main,TISCONETDEV\RPAATDT01SVC,03.Process.Main()-Step=> 3.Start Process Notify - Finished
5/21/2021 4:54:30 PM,Info,HORPAATDT01-unattended,03.Process.Main,TISCONETDEV\RPAATDT01SVC,"Friday, 21 May 2021 : 16:54:30 :  Already_Kill_All_Process *** Flow1-Hiway ***"
5/21/2021 4:54:35 PM,Info,HORPAATDT01-unattended,03.Process.Main,TISCONETDEV\RPAATDT01SVC,Flow 3 - Hiway :End step Unmap DriveGo to end process flow 3
5/21/2021 4:54:35 PM,Info,HORPAATDT01-unattended,03.Process.Main,TISCONETDEV\RPAATDT01SVC,F3 : Start Map Drive
5/21/2021 4:54:35 PM,Info,HORPAATDT01-unattended,03.Process.Main,TISCONETDEV\RPAATDT01SVC,TISCOGROUPDEV\RPA031SVCD
5/21/2021 4:54:35 PM,Info,HORPAATDT01-unattended,03.Process.Main,TISCONETDEV\RPAATDT01SVC,KU2A#5Sbr#8Uzx
5/21/2021 4:54:42 PM,Info,HORPAATDT01-unattended,03.Process.Main,TISCONETDEV\RPAATDT01SVC,20210521
5/21/2021 4:54:42 PM,Info,HORPAATDT01-unattended,03.Process.Main,TISCONETDEV\RPAATDT01SVC,G:\RPA_IT\IUM_PROGRAM_RPA\F3INPUT
5/21/2021 4:54:42 PM,Info,HORPAATDT01-unattended,03.Process.Main,TISCONETDEV\RPAATDT01SVC,G:\RPA_IT\IUM_PROGRAM_RPA\F3INPUT\03-01-2021 (Temp).xls
5/21/2021 4:54:42 PM,Info,HORPAATDT01-unattended,03.Process.Main,TISCONETDEV\RPAATDT01SVC,F3 : Found File HR (TEMP)
5/21/2021 4:54:42 PM,Info,HORPAATDT01-unattended,03.Process.Main,TISCONETDEV\RPAATDT01SVC,G:\RPA_IT\IUM_PROGRAM_RPA\F3INPUT\01-01-2021.xls
5/21/2021 4:54:42 PM,Info,HORPAATDT01-unattended,03.Process.Main,TISCONETDEV\RPAATDT01SVC,F3 : Found File HR (Main)
5/21/2021 4:55:23 PM,Info,HORPAATDT01-unattended,03.Process.Main,TISCONETDEV\RPAATDT01SVC,output Get_user AD Tiscogroup has Success
5/21/2021 4:55:23 PM,Info,HORPAATDT01-unattended,03.Process.Main,TISCONETDEV\RPAATDT01SVC,G:\RPA_IT\IUM_PROGRAM_RPA\F3OUTPUT\Result_GetUserad.csv
5/21/2021 4:55:28 PM,Error,HORPAATDT01-unattended,03.Process.Main,TISCONETDEV\RPAATDT01SVC,Send Hotkey 'client': One or more errors occurred.
5/21/2021 4:55:28 PM,Info,HORPAATDT01-unattended,03.Process.Main,TISCONETDEV\RPAATDT01SVC,End Process Flow3 -- Finish Process
5/21/2021 4:55:28 PM,Info,HORPAATDT01-unattended,03.Process.Main,TISCONETDEV\RPAATDT01SVC,Start Delay
5/21/2021 4:55:28 PM,Info,HORPAATDT01-unattended,03.Process.Main,TISCONETDEV\RPAATDT01SVC,03.Process.Main()-Step=> 5.Process - Finished
5/21/2021 4:55:28 PM,Info,HORPAATDT01-unattended,03.Process.Main,TISCONETDEV\RPAATDT01SVC,"TISCO-Lib-Collab-Email-Notify-Step=> Start , isDev=> False , Version=>1.0.2"
5/21/2021 4:55:30 PM,Info,HORPAATDT01-unattended,03.Process.Main,TISCONETDEV\RPAATDT01SVC,"TISCO-Lib-Collab-Mail-Template=>224_2 - Success ,ReqGuid=> 13e04c1d-7a03-442a-bb4d-1d966edec21c reqGuid ,Result return Body=> {""meta"":{""response_desc"":""Success"",""response_code"":""20000"",""response_ref"":""{{$guid}}"",""response_datetime"":""21-05-2021 16:55:36""}}"
5/21/2021 4:55:30 PM,Info,HORPAATDT01-unattended,03.Process.Main,TISCONETDEV\RPAATDT01SVC,03.Process.Main()-Step=> 6. Finished Process Notify - Finished
5/21/2021 4:55:30 PM,Info,HORPAATDT01-unattended,03.Process.Main,TISCONETDEV\RPAATDT01SVC,TISCO.Lib.AS400CloseConnection- Start
5/21/2021 4:55:30 PM,Info,HORPAATDT01-unattended,03.Process.Main,TISCONETDEV\RPAATDT01SVC,TISCO.Lib.AS400CloseConnection- Finished
5/21/2021 4:55:30 PM,Info,HORPAATDT01-unattended,03.Process.Main,TISCONETDEV\RPAATDT01SVC,03.Process.Main()-Step=> 7. Close All Program - Finished
5/21/2021 4:55:30 PM,Info,HORPAATDT01-unattended,03.Process.Main,TISCONETDEV\RPAATDT01SVC,03.Process.Main execution ended
5/21/2021 4:58:04 PM,Info,HORPAATDT01-unattended,03.Process.Main,TISCONETDEV\RPAATDT01SVC,03.Process.Main execution started
5/21/2021 4:58:08 PM,Info,HORPAATDT01-unattended,03.Process.Main,TISCONETDEV\RPAATDT01SVC,"03.Process.Main()-Step=> 1.Initial Variables , isDev=> False , Version=>1.0.0.1 , Machine=>HORPAATDT01"
5/21/2021 4:58:08 PM,Info,HORPAATDT01-unattended,03.Process.Main,TISCONETDEV\RPAATDT01SVC,03.Process.Main-Step=> Find Robot Seq - ProcessRobotSeq=> 1
5/21/2021 4:58:08 PM,Info,HORPAATDT01-unattended,03.Process.Main,TISCONETDEV\RPAATDT01SVC,03.Process.Main()-Step=> Find Robot Seq - Finished
5/21/2021 4:58:08 PM,Info,HORPAATDT01-unattended,03.Process.Main,TISCONETDEV\RPAATDT01SVC,"TISCO-Lib-Collab-Email-Notify-Step=> Start , isDev=> False , Version=>1.0.2"
5/21/2021 4:58:12 PM,Info,HORPAATDT01-unattended,03.Process.Main,TISCONETDEV\RPAATDT01SVC,"TISCO-Lib-Collab-Mail-Template=>224_2 - Success ,ReqGuid=> ea184677-b5ac-4053-ae05-17b5178fbd78 reqGuid ,Result return Body=> {""meta"":{""response_ref"":""{{$guid}}"",""response_desc"":""Success"",""response_code"":""20000"",""response_datetime"":""21-05-2021 16:58:18""}}"
5/21/2021 4:58:12 PM,Info,HORPAATDT01-unattended,03.Process.Main,TISCONETDEV\RPAATDT01SVC,03.Process.Main()-Step=> 3.Start Process Notify - Finished
5/21/2021 4:58:14 PM,Info,HORPAATDT01-unattended,03.Process.Main,TISCONETDEV\RPAATDT01SVC,"Friday, 21 May 2021 : 16:58:14 :  Already_Kill_All_Process *** Flow1-Hiway ***"
5/21/2021 4:58:20 PM,Info,HORPAATDT01-unattended,03.Process.Main,TISCONETDEV\RPAATDT01SVC,Flow 3 - Hiway :End step Unmap DriveGo to end process flow 3
5/21/2021 4:58:20 PM,Info,HORPAATDT01-unattended,03.Process.Main,TISCONETDEV\RPAATDT01SVC,F3 : Start Map Drive
5/21/2021 4:58:20 PM,Info,HORPAATDT01-unattended,03.Process.Main,TISCONETDEV\RPAATDT01SVC,TISCOGROUPDEV\RPA031SVCD
5/21/2021 4:58:20 PM,Info,HORPAATDT01-unattended,03.Process.Main,TISCONETDEV\RPAATDT01SVC,KU2A#5Sbr#8Uzx
5/21/2021 4:58:27 PM,Info,HORPAATDT01-unattended,03.Process.Main,TISCONETDEV\RPAATDT01SVC,20210521
5/21/2021 4:58:27 PM,Info,HORPAATDT01-unattended,03.Process.Main,TISCONETDEV\RPAATDT01SVC,G:\RPA_IT\IUM_PROGRAM_RPA\F3INPUT
5/21/2021 4:58:27 PM,Info,HORPAATDT01-unattended,03.Process.Main,TISCONETDEV\RPAATDT01SVC,G:\RPA_IT\IUM_PROGRAM_RPA\F3INPUT\03-01-2021 (Temp).xls
5/21/2021 4:58:27 PM,Info,HORPAATDT01-unattended,03.Process.Main,TISCONETDEV\RPAATDT01SVC,F3 : Found File HR (TEMP)
5/21/2021 4:58:27 PM,Info,HORPAATDT01-unattended,03.Process.Main,TISCONETDEV\RPAATDT01SVC,G:\RPA_IT\IUM_PROGRAM_RPA\F3INPUT\01-01-2021.xls
5/21/2021 4:58:27 PM,Info,HORPAATDT01-unattended,03.Process.Main,TISCONETDEV\RPAATDT01SVC,F3 : Found File HR (Main)
5/21/2021 4:58:52 PM,Info,HORPAATDT01-unattended,03.Process.Main,TISCONETDEV\RPAATDT01SVC,output Get_user AD Tiscogroup has Success
5/21/2021 4:58:52 PM,Info,HORPAATDT01-unattended,03.Process.Main,TISCONETDEV\RPAATDT01SVC,G:\RPA_IT\IUM_PROGRAM_RPA\F3OUTPUT\Result_GetUserad.csv
5/21/2021 4:58:57 PM,Error,HORPAATDT01-unattended,03.Process.Main,TISCONETDEV\RPAATDT01SVC,Send Hotkey 'client': One or more errors occurred.
5/21/2021 4:58:57 PM,Info,HORPAATDT01-unattended,03.Process.Main,TISCONETDEV\RPAATDT01SVC,End Process Flow3 -- Finish Process
5/21/2021 4:58:57 PM,Info,HORPAATDT01-unattended,03.Process.Main,TISCONETDEV\RPAATDT01SVC,Start Delay
5/21/2021 4:58:57 PM,Info,HORPAATDT01-unattended,03.Process.Main,TISCONETDEV\RPAATDT01SVC,03.Process.Main()-Step=> 5.Process - Finished
5/21/2021 4:58:57 PM,Info,HORPAATDT01-unattended,03.Process.Main,TISCONETDEV\RPAATDT01SVC,"TISCO-Lib-Collab-Email-Notify-Step=> Start , isDev=> False , Version=>1.0.2"
5/21/2021 4:58:59 PM,Info,HORPAATDT01-unattended,03.Process.Main,TISCONETDEV\RPAATDT01SVC,"TISCO-Lib-Collab-Mail-Template=>224_2 - Success ,ReqGuid=> cf66ffb7-3047-4657-bf5c-76c123f662d6 reqGuid ,Result return Body=> {""meta"":{""response_desc"":""Success"",""response_code"":""20000"",""response_ref"":""{{$guid}}"",""response_datetime"":""21-05-2021 16:59:05""}}"
5/21/2021 4:58:59 PM,Info,HORPAATDT01-unattended,03.Process.Main,TISCONETDEV\RPAATDT01SVC,03.Process.Main()-Step=> 6. Finished Process Notify - Finished
5/21/2021 4:58:59 PM,Info,HORPAATDT01-unattended,03.Process.Main,TISCONETDEV\RPAATDT01SVC,TISCO.Lib.AS400CloseConnection- Start
5/21/2021 4:58:59 PM,Info,HORPAATDT01-unattended,03.Process.Main,TISCONETDEV\RPAATDT01SVC,TISCO.Lib.AS400CloseConnection- Finished
5/21/2021 4:58:59 PM,Info,HORPAATDT01-unattended,03.Process.Main,TISCONETDEV\RPAATDT01SVC,03.Process.Main()-Step=> 7. Close All Program - Finished
5/21/2021 4:58:59 PM,Info,HORPAATDT01-unattended,03.Process.Main,TISCONETDEV\RPAATDT01SVC,03.Process.Main execution ended
5/21/2021 5:04:53 PM,Info,HORPAATDT01-unattended,03.Process.Main,TISCONETDEV\RPAATDT01SVC,03.Process.Main execution started
5/21/2021 5:04:57 PM,Info,HORPAATDT01-unattended,03.Process.Main,TISCONETDEV\RPAATDT01SVC,"03.Process.Main()-Step=> 1.Initial Variables , isDev=> False , Version=>1.0.0.1 , Machine=>HORPAATDT01"
5/21/2021 5:04:57 PM,Info,HORPAATDT01-unattended,03.Process.Main,TISCONETDEV\RPAATDT01SVC,03.Process.Main-Step=> Find Robot Seq - ProcessRobotSeq=> 1
5/21/2021 5:04:57 PM,Info,HORPAATDT01-unattended,03.Process.Main,TISCONETDEV\RPAATDT01SVC,03.Process.Main()-Step=> Find Robot Seq - Finished
5/21/2021 5:04:57 PM,Info,HORPAATDT01-unattended,03.Process.Main,TISCONETDEV\RPAATDT01SVC,"TISCO-Lib-Collab-Email-Notify-Step=> Start , isDev=> False , Version=>1.0.2"
5/21/2021 5:05:01 PM,Info,HORPAATDT01-unattended,03.Process.Main,TISCONETDEV\RPAATDT01SVC,"TISCO-Lib-Collab-Mail-Template=>224_2 - Success ,ReqGuid=> 581fe756-280a-4e95-883a-0ea4de418f96 reqGuid ,Result return Body=> {""meta"":{""response_ref"":""{{$guid}}"",""response_desc"":""Success"",""response_code"":""20000"",""response_datetime"":""21-05-2021 17:05:07""}}"
5/21/2021 5:05:01 PM,Info,HORPAATDT01-unattended,03.Process.Main,TISCONETDEV\RPAATDT01SVC,03.Process.Main()-Step=> 3.Start Process Notify - Finished
5/21/2021 5:05:04 PM,Info,HORPAATDT01-unattended,03.Process.Main,TISCONETDEV\RPAATDT01SVC,"Friday, 21 May 2021 : 17:05:04 :  Already_Kill_All_Process *** Flow1-Hiway ***"
5/21/2021 5:05:09 PM,Info,HORPAATDT01-unattended,03.Process.Main,TISCONETDEV\RPAATDT01SVC,Flow 3 - Hiway :End step Unmap DriveGo to end process flow 3
5/21/2021 5:05:09 PM,Info,HORPAATDT01-unattended,03.Process.Main,TISCONETDEV\RPAATDT01SVC,F3 : Start Map Drive
5/21/2021 5:05:09 PM,Info,HORPAATDT01-unattended,03.Process.Main,TISCONETDEV\RPAATDT01SVC,TISCOGROUPDEV\RPA031SVCD
5/21/2021 5:05:09 PM,Info,HORPAATDT01-unattended,03.Process.Main,TISCONETDEV\RPAATDT01SVC,KU2A#5Sbr#8Uzx
5/21/2021 5:05:16 PM,Info,HORPAATDT01-unattended,03.Process.Main,TISCONETDEV\RPAATDT01SVC,20210521
5/21/2021 5:05:16 PM,Info,HORPAATDT01-unattended,03.Process.Main,TISCONETDEV\RPAATDT01SVC,G:\RPA_IT\IUM_PROGRAM_RPA\F3INPUT
5/21/2021 5:05:16 PM,Info,HORPAATDT01-unattended,03.Process.Main,TISCONETDEV\RPAATDT01SVC,G:\RPA_IT\IUM_PROGRAM_RPA\F3INPUT\03-01-2021 (Temp).xls
5/21/2021 5:05:16 PM,Info,HORPAATDT01-unattended,03.Process.Main,TISCONETDEV\RPAATDT01SVC,F3 : Found File HR (TEMP)
5/21/2021 5:05:16 PM,Info,HORPAATDT01-unattended,03.Process.Main,TISCONETDEV\RPAATDT01SVC,G:\RPA_IT\IUM_PROGRAM_RPA\F3INPUT\01-01-2021.xls
5/21/2021 5:05:16 PM,Info,HORPAATDT01-unattended,03.Process.Main,TISCONETDEV\RPAATDT01SVC,F3 : Found File HR (Main)
5/21/2021 5:06:04 PM,Info,HORPAATDT01-unattended,03.Process.Main,TISCONETDEV\RPAATDT01SVC,output Get_user AD Tiscogroup has Success
5/21/2021 5:06:04 PM,Info,HORPAATDT01-unattended,03.Process.Main,TISCONETDEV\RPAATDT01SVC,G:\RPA_IT\IUM_PROGRAM_RPA\F3OUTPUT\Result_GetUserad.csv
5/21/2021 5:06:09 PM,Error,HORPAATDT01-unattended,03.Process.Main,TISCONETDEV\RPAATDT01SVC,Send Hotkey 'client': One or more errors occurred.
5/21/2021 5:06:09 PM,Info,HORPAATDT01-unattended,03.Process.Main,TISCONETDEV\RPAATDT01SVC,End Process Flow3 -- Finish Process
5/21/2021 5:06:09 PM,Info,HORPAATDT01-unattended,03.Process.Main,TISCONETDEV\RPAATDT01SVC,Start Delay
5/21/2021 5:06:09 PM,Info,HORPAATDT01-unattended,03.Process.Main,TISCONETDEV\RPAATDT01SVC,03.Process.Main()-Step=> 5.Process - Finished
5/21/2021 5:06:09 PM,Info,HORPAATDT01-unattended,03.Process.Main,TISCONETDEV\RPAATDT01SVC,"TISCO-Lib-Collab-Email-Notify-Step=> Start , isDev=> False , Version=>1.0.2"
5/21/2021 5:06:11 PM,Info,HORPAATDT01-unattended,03.Process.Main,TISCONETDEV\RPAATDT01SVC,"TISCO-Lib-Collab-Mail-Template=>224_2 - Success ,ReqGuid=> 27774385-fc86-4330-8b6e-3d9d27211a7a reqGuid ,Result return Body=> {""meta"":{""response_datetime"":""21-05-2021 17:06:17"",""response_desc"":""Success"",""response_ref"":""{{$guid}}"",""response_code"":""20000""}}"
5/21/2021 5:06:11 PM,Info,HORPAATDT01-unattended,03.Process.Main,TISCONETDEV\RPAATDT01SVC,03.Process.Main()-Step=> 6. Finished Process Notify - Finished
5/21/2021 5:06:11 PM,Info,HORPAATDT01-unattended,03.Process.Main,TISCONETDEV\RPAATDT01SVC,TISCO.Lib.AS400CloseConnection- Start
5/21/2021 5:06:11 PM,Info,HORPAATDT01-unattended,03.Process.Main,TISCONETDEV\RPAATDT01SVC,TISCO.Lib.AS400CloseConnection- Finished
5/21/2021 5:06:11 PM,Info,HORPAATDT01-unattended,03.Process.Main,TISCONETDEV\RPAATDT01SVC,03.Process.Main()-Step=> 7. Close All Program - Finished
5/21/2021 5:06:11 PM,Info,HORPAATDT01-unattended,03.Process.Main,TISCONETDEV\RPAATDT01SVC,03.Process.Main execution ended
